timestamp,description,ipaddress,limit6,float,year,money,country,Enum,mailid,bool,longnumber,stockprice,output
15:17:21,recontextualize wireless supply-chains,245.113.108.11,#b2158c,-29.5904737,2011,$0.48 ,Greece,1,mtwinbrowdw@disqus.com,TRUE,3.55E+15,$210.02M,0
11:52:20,enhance visionary architectures,226.217.99.42,#2fc339,45.1589174,2007,$2.27 ,New Zealand,1,ggarmanpa@merriam-webster.com,FALSE,3.59E+15,$276.46M,0
4:38:43,aggregate out-of-the-box web services,130.43.53.76,#f675e2,22.636828,1995,$9.60 ,Indonesia,2,msolleym1@vk.com,TRUE,4.91E+17,$1.97B,0
21:36:21,streamline wireless networks,222.173.206.59,#6323a4,12.3522003,2012,$9.80 ,Ukraine,6,rsimonnot9f@tmall.com,FALSE,3.59E+15,$42.78M,0
20:45:06,monetize efficient paradigms,129.44.79.216,#8b7cf0,-22.6118831,1998,$0.53 ,Indonesia,7,jlynettar@independent.co.uk,FALSE,3.38E+14,$462.86M,0
0:08:29,strategize out-of-the-box communities,177.0.229.57,#4ab637,12.2483626,1993,$4.57 ,China,7,vandrusovax@privacy.gov.au,TRUE,3.56E+15,$172.77M,0
10:30:42,streamline proactive partnerships,99.40.156.158,#7b3897,36.139998,1986,$2.87 ,China,7,srappoportlm@miitbeian.gov.cn,TRUE,3.38E+14,$303.43M,0
5:09:08,recontextualize killer mindshare,98.86.68.99,#187c96,18.50831,1999,$4.72 ,Slovenia,8,lmuddimeras@elpais.com,TRUE,3.56E+15,$43.5M,0
6:10:56,streamline plug-and-play methodologies,47.32.253.142,#0140d3,7.45,1965,$5.24 ,China,8,bcissenrd@marketwatch.com,FALSE,3.57E+15,$2.91M,0
1:14:47,disintermediate leading-edge vortals,227.42.189.163,#ebcf24,58.4981562,1997,$8.88 ,Brazil,11,kcoulinghg@github.com,TRUE,4.50E+12,$1.05B,0
1:01:15,grow customized experiences,48.199.230.150,#d9cf5d,-6.8272662,2006,$0.58 ,Argentina,13,jsheffieldcc@blinklist.com,TRUE,3.55E+15,$462.74M,0
7:29:10,brand plug-and-play content,91.255.244.32,#69338e,54.356424,2000,$4.10 ,United States,14,hmcgeachyhr@jimdo.com,TRUE,3.59E+15,$9.01B,0
4:53:40,enable proactive portals,119.207.158.94,#41b54a,-19.3088778,2003,$8.55 ,Tanzania,15,ajunes49@ibm.com,FALSE,3.06E+13,$22.51M,0
18:11:57,repurpose back-end web-readiness,95.19.45.107,#58fa34,49.8662503,1991,$1.69 ,Philippines,18,vvivyan9o@symantec.com,FALSE,2.01E+14,$1.14B,0
4:36:03,target visionary e-commerce,239.107.221.170,#513789,34.819583,2005,$2.10 ,Portugal,18,ochristola6@gizmodo.com,FALSE,3.54E+15,$433.25M,0
2:14:04,syndicate vertical convergence,221.205.147.4,#49d808,43.6164958,2007,$9.34 ,Poland,18,kswannickms@reddit.com,FALSE,6.33E+17,$150.43M,0
14:08:30,productize web-enabled metrics,153.28.129.88,#c87780,22.816884,2001,$1.05 ,Nigeria,19,cmckain1t@bizjournals.com,FALSE,3.54E+15,$2.58B,0
22:38:22,reintermediate collaborative action-items,250.152.25.194,#6faf76,39.079722,1998,$6.44 ,Ukraine,19,lsenchenkopw@google.com,FALSE,3.59E+15,$2.46B,0
3:17:25,expedite visionary networks,125.94.145.220,#546773,-8.6107179,1997,$3.25 ,China,23,jcasse2u@telegraph.co.uk,TRUE,3.53E+15,$113.53M,0
8:45:47,grow rich partnerships,118.248.140.95,#212b27,-8.3434104,2000,$7.59 ,Japan,24,abolleyg8@google.com,TRUE,3.01E+13,$3.35B,0
13:04:52,incubate end-to-end infrastructures,247.44.112.90,#dcf104,45.6467048,1997,$4.59 ,China,27,wshenleyls@hostgator.com,TRUE,4.91E+15,$2.33B,0
3:15:26,strategize B2C technologies,39.4.243.119,#5bd4bd,-17.0127475,2009,$9.27 ,Czech Republic,29,mrustmanio@linkedin.com,FALSE,5.05E+15,$10.76B,0
2:45:10,monetize efficient relationships,52.215.13.214,#182d67,-5.9946384,2010,$8.27 ,China,29,lkinneirr7@studiopress.com,FALSE,5.05E+15,$737.59M,0
8:16:16,exploit real-time niches,10.0.150.89,#25ed71,46.6211188,2010,$6.86 ,China,30,nvarnamif@netscape.com,TRUE,4.91E+17,$448.4M,0
11:27:19,repurpose compelling relationships,227.43.83.196,#e8092c,-6.2960156,2007,$1.59 ,China,32,mhenstridgek2@printfriendly.com,TRUE,3.72E+14,$55.73B,0
21:39:08,morph customized platforms,117.183.86.43,#a30ba7,11.7701438,1985,$8.84 ,France,37,rdelavaletteparisothp@smugmug.com,FALSE,6.33E+17,$744.13M,0
0:18:28,mesh cross-platform infrastructures,92.187.168.7,#100f2c,-11.1215276,2005,$2.13 ,Paraguay,38,fdemalcharqt@blogger.com,TRUE,4.03E+15,$457.06M,0
9:29:56,unleash leading-edge niches,135.94.137.240,#24a3bb,60.2638215,2011,$9.16 ,Colombia,39,efairfull8w@home.pl,FALSE,3.56E+15,$37.35B,0
22:55:29,incentivize leading-edge applications,126.58.189.180,#52a94d,14.5939093,1986,$9.35 ,China,39,akenwortheybn@a8.net,FALSE,4.04E+15,$534.63M,0
13:05:23,embrace efficient deliverables,60.142.78.93,#756d39,-6.313084,2007,$1.95 ,China,39,agatleyf5@uol.com.br,TRUE,5.54E+15,$96.06B,0
0:27:30,unleash global vortals,44.10.174.235,#c26795,-8.264058,2005,$6.40 ,China,39,lfrickehm@kickstarter.com,TRUE,3.54E+15,$1.38B,0
22:52:21,facilitate customized ROI,165.248.54.27,#f1628e,44.256487,2002,$7.64 ,Indonesia,41,wzaniolo6s@msn.com,FALSE,5.11E+15,$526.1M,0
6:34:10,whiteboard scalable platforms,54.91.1.133,#b943bc,-5.3629365,1996,$4.16 ,Russia,43,sgarrudbb@cornell.edu,FALSE,6.71E+16,$30.59M,0
2:33:41,syndicate web-enabled e-tailers,96.251.15.212,#37fec3,37.6818606,2008,$6.90 ,Myanmar,46,jfollisbg@usda.gov,TRUE,3.54E+15,$3.62B,0
14:41:22,morph leading-edge channels,123.70.135.135,#da5d92,28.590337,1995,$1.73 ,Indonesia,47,dandretticb@amazon.co.uk,FALSE,5.64E+15,$3.18B,0
4:14:44,engineer synergistic markets,183.84.40.195,#cfb2e2,28.109577,2009,$6.21 ,Burkina Faso,48,ksmithin36@mapy.cz,FALSE,6.38E+15,$741.61M,0
16:14:41,strategize best-of-breed e-markets,252.188.149.102,#0df6a4,34.57976,2002,$7.58 ,United States,49,szuanazzi97@myspace.com,FALSE,4.84E+15,$16.59M,0
23:49:02,expedite turn-key infomediaries,23.148.68.211,#a808c3,8.9494875,2011,$2.76 ,Sweden,50,flinese6@blinklist.com,TRUE,6.33E+17,$150.68M,0
3:05:12,disintermediate real-time communities,108.242.198.219,#0622cd,49.6163992,2001,$2.39 ,China,52,wvancastele51@51.la,TRUE,3.55E+15,$858.11M,0
15:23:01,deploy synergistic portals,169.195.69.135,#55dd2e,-27.3777068,1981,$6.13 ,Indonesia,52,vjoerning77@cdbaby.com,TRUE,3.56E+15,$12.76B,0
2:17:09,scale rich platforms,235.164.22.31,#0787d8,48.8540194,1999,$7.69 ,China,53,mclaraekd@cargocollective.com,FALSE,3.03E+13,$8.92B,0
11:00:21,synergize holistic architectures,90.46.37.244,#ba270f,35.293048,1996,$0.46 ,Indonesia,54,zgouthierp3@tinyurl.com,TRUE,3.54E+15,$2.41B,0
6:22:57,integrate innovative systems,68.84.130.146,#1a8023,48.9809916,1993,$8.34 ,China,57,alyteb2@miitbeian.gov.cn,TRUE,5.61E+17,$1.47B,0
0:31:03,envisioneer visionary e-tailers,148.24.212.105,#558410,24.4752847,2012,$3.36 ,Mexico,60,kplace66@1688.com,FALSE,3.58E+15,$3.6B,0
18:21:07,iterate killer e-markets,136.149.189.23,#7e896f,-12.0443399,1992,$9.17 ,Sudan,62,sbardell35@over-blog.com,FALSE,3.56E+15,$754.28M,0
10:45:18,deploy back-end ROI,133.124.235.238,#d5935a,52.675914,2007,$4.10 ,Japan,62,bschumacher9g@themeforest.net,TRUE,6.33E+18,$7.54B,0
22:48:32,empower innovative relationships,46.49.99.89,#e4665d,49.2147869,1995,$4.71 ,Lithuania,63,lskulletf6@uol.com.br,TRUE,3.58E+15,$35.67M,0
8:35:41,innovate sticky paradigms,141.151.165.116,#c96fc5,49.2752229,1996,$3.67 ,China,66,mkamenarhu@weibo.com,TRUE,5.50E+15,$81.48M,0
12:07:20,transform strategic applications,226.169.69.25,#d8acfd,30.975215,2013,$2.21 ,Guatemala,66,lwoodcroftk9@bloglovin.com,FALSE,5.10E+15,$2.09B,0
22:22:08,monetize magnetic bandwidth,165.127.42.151,#e59fd7,50.3616019,2003,$8.94 ,Greece,67,gmirandaiy@japanpost.jp,TRUE,3.57E+15,$628.48M,0
18:14:45,revolutionize world-class eyeballs,220.144.129.2,#3b41d7,32.9566376,1999,$6.62 ,China,69,kwhetsonil@mapy.cz,FALSE,3.58E+15,$1.25B,0
4:01:56,implement value-added vortals,18.148.30.86,#869285,22.483182,2003,$1.46 ,Venezuela,70,lbernhartfe@oracle.com,TRUE,4.65E+12,$878.56M,0
8:48:09,grow mission-critical synergies,18.230.79.233,#152170,16.7157136,2010,$1.90 ,China,71,lumbertkn@scribd.com,FALSE,5.89E+16,$2.2B,0
14:56:01,grow ubiquitous web-readiness,128.90.144.214,#418268,48.3909721,1994,$8.12 ,Russia,72,tfrankemalc@salon.com,TRUE,6.77E+18,$7.84B,0
17:24:50,monetize cross-platform communities,221.250.159.210,#2b2405,-7.2894986,2005,$2.02 ,Thailand,73,malven3z@webmd.com,TRUE,4.18E+15,$491.37M,0
5:39:56,integrate seamless content,13.24.194.205,#329862,35.68206,1994,$4.32 ,Peru,73,cherityg1@domainmarket.com,TRUE,5.60E+16,$28.24M,0
14:10:13,transform innovative solutions,60.82.130.137,#6d621d,39.6288756,2007,$7.33 ,Poland,74,haugustincf@ftc.gov,FALSE,3.58E+15,$173.59M,0
18:41:00,facilitate interactive models,158.241.218.216,#a4a0ed,48.7226206,1994,$3.46 ,Brazil,75,bnockells1i@myspace.com,FALSE,3.53E+15,$1.16B,0
13:46:58,repurpose rich experiences,252.216.205.194,#2727b0,14.5144041,1998,$5.22 ,Philippines,79,oburbankdb@ifeng.com,FALSE,6.05E+17,$35.47M,0
8:33:35,mesh ubiquitous networks,140.97.97.108,#6f37a5,-2.2728607,2003,$0.82 ,Tanzania,82,gmcilwreath7o@washington.edu,FALSE,3.57E+15,$255.93M,0
12:08:23,synthesize distributed e-tailers,62.46.119.203,#c2bed2,44.0570174,1993,$4.46 ,Russia,82,mstreatfeildqz@usnews.com,TRUE,3.54E+15,$63.58M,0
22:05:10,disintermediate clicks-and-mortar applications,199.202.26.241,#88e324,52.86917,1998,$1.70 ,Greece,83,mkentishp2@mashable.com,TRUE,4.88E+12,$33.04M,0
19:54:01,reintermediate innovative partnerships,137.124.168.50,#d4f754,46.718237,1965,$4.43 ,Iran,84,chewellk8@cpanel.net,FALSE,5.39E+15,$61.92B,0
8:11:48,architect intuitive action-items,144.169.83.113,#d1c4bd,59.3475695,2000,$2.99 ,Russia,86,ahartnellol@va.gov,TRUE,3.74E+14,$5.65B,0
13:02:13,implement intuitive paradigms,105.11.201.126,#19ed8c,-6.7273278,2010,$9.51 ,Peru,88,kbynold6w@howstuffworks.com,TRUE,3.53E+15,$2.86B,0
12:46:41,unleash proactive vortals,30.56.71.25,#bcb971,9.9576111,2012,$4.11 ,China,88,fannetts9d@seattletimes.com,FALSE,3.42E+14,$1.07B,0
16:03:34,grow end-to-end partnerships,15.132.207.94,#63fcfb,30.548268,2009,$9.22 ,Marshall Islands,89,mhyltonnn@linkedin.com,TRUE,3.72E+14,$4.88B,0
5:02:47,visualize ubiquitous technologies,175.242.1.20,#a07910,-6.4931733,1981,$10.00 ,Sweden,89,dsignorira@devhub.com,TRUE,3.54E+15,$6.78B,0
6:25:29,drive enterprise mindshare,243.143.212.180,#f86bb8,-5.9341855,2008,$8.13 ,Poland,93,mskynnerey@blogger.com,TRUE,6.71E+18,$1.76B,0
19:36:59,benchmark bricks-and-clicks portals,164.29.147.165,#d20c61,48.9003986,2009,$4.96 ,Philippines,93,fharphamjt@globo.com,TRUE,3.56E+15,$186.89M,0
4:00:38,monetize front-end e-business,246.14.221.46,#22ccc4,7.998611,2010,$8.48 ,Peru,93,denzleypr@usatoday.com,TRUE,3.58E+15,$2.59B,0
13:36:31,unleash customized infomediaries,182.137.126.106,#88ad9b,-6.576574,2011,$7.97 ,Netherlands,95,omurley7s@bbb.org,TRUE,3.54E+15,$505.59M,0
21:49:36,leverage front-end partnerships,73.121.166.20,#26fc3d,14.5634196,1987,$9.62 ,United States,95,kklampted@live.com,FALSE,3.54E+15,$4.14B,0
11:24:16,synthesize integrated web services,155.194.23.167,#f2b874,21.6818943,2001,$9.56 ,Ukraine,96,bdulen6q@seattletimes.com,FALSE,3.53E+15,$677.94M,0
4:58:40,disintermediate integrated convergence,160.231.124.66,#880413,-6.2468515,2009,$7.47 ,China,99,hbedder3e@loc.gov,TRUE,5.41E+15,$650.38M,0
10:04:13,utilize bricks-and-clicks web services,92.206.11.3,#97e2a6,10.4868673,2007,$6.87 ,Portugal,99,amcclaughlin95@github.io,FALSE,5.50E+15,$47.56M,0
14:58:54,brand scalable deliverables,23.102.39.46,#870152,56.1952581,2008,$3.94 ,Afghanistan,100,alothlorienac@berkeley.edu,FALSE,5.24E+15,$191.03M,0
4:13:56,engage plug-and-play experiences,111.20.212.149,#3aeb64,-34.3048508,2002,$2.36 ,Sweden,102,edanihelkadv@hp.com,TRUE,3.59E+15,$5.45B,0
21:53:16,strategize value-added schemas,201.204.142.174,#3ae6ac,26.630845,2010,$10.00 ,China,103,deadmead8f@engadget.com,FALSE,3.56E+15,$8.55B,0
3:23:01,strategize wireless communities,48.164.240.238,#a89238,3.1523104,2004,$4.89 ,China,103,ktrevettdx@sakura.ne.jp,TRUE,3.78E+14,$737.05M,0
4:29:21,enable open-source paradigms,64.142.235.246,#1f736b,48.9088164,1984,$1.52 ,Colombia,103,lsoaresjq@ehow.com,TRUE,3.58E+15,$611.82M,0
23:25:43,empower bricks-and-clicks metrics,135.191.228.148,#c198e3,-6.9783786,2012,$5.30 ,Albania,103,mlathanjw@artisteer.com,FALSE,3.58E+15,$2.11B,0
19:42:10,expedite customized systems,64.71.204.12,#de3dff,14.5697429,2008,$9.13 ,China,104,alindebergiu@bing.com,FALSE,5.10E+15,$129.26M,0
19:26:29,whiteboard mission-critical ROI,170.152.81.223,#63cbc1,53.7322394,2004,$5.55 ,China,109,ktessington3t@harvard.edu,FALSE,3.74E+14,$571.52M,0
12:29:27,recontextualize visionary communities,31.50.221.164,#a20746,-5.1291727,2012,$8.10 ,United States,109,mberging3@hexun.com,TRUE,2.02E+14,$4.74B,0
15:50:59,integrate value-added infomediaries,86.99.115.138,#2e2a07,33.37,2010,$2.66 ,Russia,110,obrockmn@nhs.uk,FALSE,6.40E+15,$107.35M,0
21:12:45,maximize user-centric experiences,232.240.61.88,#6be257,-10.2689776,2006,$4.24 ,Denmark,113,bvaloispc@elpais.com,FALSE,5.60E+15,$883.38M,0
0:56:14,transform cross-platform content,154.227.168.117,#578038,-7.5085719,1998,$1.16 ,South Africa,115,lbavester82@tumblr.com,TRUE,2.02E+14,$40.16M,0
13:09:17,maximize real-time web-readiness,103.167.206.117,#0a21e6,19.309169,2003,$4.41 ,Peru,116,mgradly53@timesonline.co.uk,FALSE,3.58E+15,$1.27B,0
3:42:14,mesh ubiquitous functionalities,60.43.96.224,#30abf2,37.444498,2003,$9.98 ,Thailand,120,ggarlingeby@economist.com,FALSE,3.57E+15,$282.79M,0
1:53:11,streamline leading-edge content,174.42.162.75,#39f003,44.9263486,1987,$1.58 ,Russia,120,stranterkk@ucsd.edu,TRUE,5.10E+15,$52.7B,0
12:35:56,evolve holistic interfaces,158.104.16.237,#296aa3,40.6238989,2010,$6.46 ,China,121,charpkz@sun.com,TRUE,3.56E+15,$4.24B,0
16:29:17,redefine global systems,216.232.43.37,#4aca32,43.30706,1985,$0.09 ,Indonesia,126,lthurlbecke5@prweb.com,FALSE,5.60E+15,$347.43M,0
22:24:39,incentivize scalable e-tailers,68.70.177.99,#f37520,41.3427327,2008,$9.77 ,France,127,teneferqj@nih.gov,TRUE,3.57E+15,$51.34B,0
4:06:53,whiteboard end-to-end synergies,198.253.47.149,#5296ac,-7.0986081,1995,$6.10 ,Indonesia,129,lbellingham9k@salon.com,TRUE,4.04E+12,$14.16B,0
10:55:18,exploit innovative markets,133.109.146.93,#6b60b8,-8.2247589,2012,$0.24 ,Philippines,132,fertdn@ovh.net,TRUE,3.56E+15,$4.46B,0
22:47:25,aggregate value-added e-markets,196.93.146.54,#4419a6,40.9905239,1987,$5.58 ,Netherlands,136,eofairy4n@narod.ru,TRUE,5.61E+16,$3.76B,0
10:43:32,harness robust bandwidth,243.0.87.112,#cc3b73,8.1526675,2003,$6.39 ,Pakistan,136,emenis9c@ifeng.com,TRUE,3.55E+15,$128.99M,0
20:58:08,matrix one-to-one portals,45.229.32.66,#2cb501,-6.6835129,2013,$6.84 ,Chile,141,ofelipm4@earthlink.net,TRUE,3.56E+15,$1.35B,0
8:24:30,morph leading-edge methodologies,222.232.161.41,#61b790,-6.8544539,2003,$2.58 ,Indonesia,142,alyallev@woothemes.com,TRUE,3.55E+15,$1.49B,0
15:52:55,envisioneer intuitive technologies,235.188.200.195,#47f9fd,40.7758541,2003,$1.47 ,Finland,142,dbeneyiv@bbc.co.uk,TRUE,5.02E+16,$1.96B,0
17:11:40,repurpose virtual e-markets,158.206.29.207,#a34e80,40.6021201,1999,$2.32 ,United Arab Emirates,143,pbernardo71@indiatimes.com,FALSE,6.39E+15,$89.33M,0
16:10:10,syndicate B2B interfaces,114.115.29.209,#cbcd23,45.2981711,2005,$4.37 ,China,143,sfriedcr@moonfruit.com,FALSE,3.03E+13,$121.38M,0
16:02:57,deploy robust e-commerce,100.173.57.73,#0d1cc6,38.2214782,1994,$1.11 ,Brazil,143,chighwayf2@comsenz.com,TRUE,4.02E+15,$654.69M,0
23:56:43,exploit out-of-the-box portals,68.114.84.55,#47eed8,41.6714042,1997,$3.71 ,France,144,iingallja@mapquest.com,FALSE,3.53E+15,$12.9M,0
15:37:36,disintermediate frictionless applications,209.6.33.127,#6aa41c,31.7244854,1996,$6.91 ,South Africa,145,ryurevichi0@marketwatch.com,TRUE,4.84E+15,$6B,0
1:48:13,transition wireless content,235.27.22.237,#63212f,13.3475852,2008,$0.03 ,Latvia,146,njonson25@symantec.com,FALSE,6.39E+15,$387.37M,0
3:35:28,target virtual ROI,57.165.208.112,#b008c8,-7.4727879,2009,$2.50 ,Nigeria,146,fdunkinson69@gizmodo.com,TRUE,5.60E+15,$189.23B,0
6:45:03,harness turn-key e-tailers,104.180.224.156,#9f77a8,41.4956796,2004,$0.86 ,China,146,jocarrollg4@mail.ru,TRUE,3.58E+15,$1.5B,0
5:02:40,utilize plug-and-play e-markets,230.194.250.249,#ca5b6a,48.9236625,2012,$7.64 ,Thailand,147,cpetrelliae@cocolog-nifty.com,TRUE,3.58E+15,$63.94M,0
8:10:49,transform killer partnerships,231.186.43.145,#1581ba,4.6559524,1985,$5.97 ,Indonesia,147,mheimesjx@ustream.tv,FALSE,6.33E+18,$136.87M,0
22:25:03,seize revolutionary mindshare,117.86.144.150,#2074f8,26.547864,2001,$9.10 ,France,148,mmurty8z@is.gd,FALSE,6.33E+18,$1.41B,0
1:39:52,repurpose revolutionary portals,155.52.191.42,#212fe8,-8.5793,2007,$3.48 ,Canada,152,rcollensqc@123-reg.co.uk,FALSE,3.57E+15,$2.86B,0
13:10:07,drive 24/365 networks,82.155.187.1,#6dfe11,-1.9,2005,$9.78 ,Nigeria,153,fdigance4y@dropbox.com,FALSE,4.94E+17,$2.7B,0
7:44:41,leverage dot-com eyeballs,162.38.90.240,#791ea5,56.0161995,2007,$4.29 ,China,153,dendses@liveinternet.ru,TRUE,3.58E+15,$3.74B,0
18:14:15,brand viral paradigms,52.7.190.101,#57a099,54.939834,1984,$3.18 ,Armenia,153,tbrogginifx@flavors.me,FALSE,5.05E+15,$1.07B,0
18:24:28,orchestrate transparent eyeballs,53.185.178.76,#c7fd50,56.1929385,1993,$7.07 ,Indonesia,153,dburneyr1@nyu.edu,TRUE,3.53E+15,$50.64M,0
15:08:04,aggregate real-time networks,238.150.15.192,#d5d999,46.1446171,1986,$8.39 ,Nigeria,156,svanarsdalen0@walmart.com,FALSE,3.53E+15,$1.06B,0
9:58:57,harness e-business channels,51.165.255.200,#e042b7,-15.0144051,2004,$0.81 ,France,159,sollerton1p@1688.com,TRUE,3.57E+15,$214.54M,0
12:51:21,optimize impactful methodologies,104.47.16.182,#d1347c,41.245445,2012,$7.06 ,Nicaragua,160,kvannikov60@who.int,TRUE,3.58E+15,$73.14M,0
7:26:14,reintermediate front-end users,208.172.71.125,#80e855,23.797309,1997,$3.06 ,Russia,161,vvallentinj0@mashable.com,FALSE,4.90E+17,$2.05B,0
7:46:31,cultivate vertical metrics,246.59.149.96,#f9f33e,-13.65232,2008,$1.48 ,Brazil,162,vbegleyix@t.co,FALSE,3.58E+15,$324.79M,0
2:23:33,facilitate intuitive users,188.142.233.176,#a8cf0c,45.0274234,2012,$6.67 ,Russia,169,kganfordj@live.com,FALSE,3.55E+15,$498.65M,0
12:38:02,maximize frictionless action-items,149.215.136.92,#bcdfc0,40.3606136,2012,$7.74 ,Russia,169,ckoppc0@guardian.co.uk,TRUE,3.55E+15,$193.2M,0
11:29:03,mesh best-of-breed architectures,162.64.87.236,#40de89,28.953619,1994,$9.97 ,Afghanistan,171,fflethamh6@redcross.org,TRUE,5.05E+15,$157.67M,0
8:26:15,grow killer platforms,108.122.79.157,#620289,44.7656213,1990,$5.62 ,Bulgaria,172,btineman6i@bigcartel.com,TRUE,6.39E+15,$83.53M,0
5:34:22,harness interactive niches,235.181.173.162,#50c4a2,5.081006,1998,$9.68 ,Russia,172,jfawdryaj@g.co,TRUE,5.35E+15,$7.18M,0
18:19:22,benchmark plug-and-play channels,1.146.45.85,#6292c6,23.12911,1989,$7.08 ,China,173,mqueyosgu@mozilla.com,TRUE,5.10E+15,$67.98B,0
23:43:04,matrix viral networks,97.49.86.194,#ca25fe,41.9797938,2009,$8.66 ,Panama,174,apeatnp@google.com.au,FALSE,4.41E+15,$518.61M,0
10:14:09,visualize seamless content,99.82.25.125,#fa8a7b,38.1189564,1988,$2.58 ,China,175,nhumpageen@cafepress.com,TRUE,5.60E+15,$1.06B,0
12:10:27,deliver innovative solutions,50.5.22.216,#de2292,42.3145494,1993,$3.02 ,Philippines,175,mpenimanl6@oakley.com,FALSE,6.33E+17,$75.46M,0
8:09:14,innovate 24/365 solutions,205.185.40.115,#7652a2,43.30706,2011,$3.79 ,Poland,176,dhurrellf1@abc.net.au,TRUE,3.56E+15,$38.75M,0
9:43:12,leverage value-added paradigms,193.44.60.145,#08176f,38.7240446,2003,$7.42 ,China,183,pbrachhe@so-net.ne.jp,TRUE,3.54E+15,$162.03M,0
4:24:32,disintermediate one-to-one models,124.179.89.17,#88bb7b,13.336458,1992,$3.09 ,Uruguay,188,ascanlin16@usa.gov,TRUE,3.54E+15,$386.9M,0
18:28:36,aggregate 24/365 ROI,95.247.124.238,#d7a3e6,-11.0216067,1998,$7.30 ,Indonesia,191,rbrockhousebh@ucla.edu,TRUE,3.54E+15,$13.37M,0
2:34:24,revolutionize back-end metrics,213.200.80.217,#65ef1e,43.4945737,2010,$6.13 ,Russia,192,ishearsbypi@a8.net,FALSE,3.55E+15,$53.96M,0
17:43:46,grow viral systems,243.27.176.248,#3beb5a,42.5257603,1991,$3.97 ,China,195,tmanby79@techcrunch.com,FALSE,5.44E+15,$1.04B,0
4:09:33,orchestrate strategic infrastructures,135.46.165.111,#946e0d,20.1400094,2004,$0.11 ,Finland,195,mdast8u@de.vu,TRUE,5.32E+15,$7.2B,0
0:02:30,utilize strategic networks,186.232.175.159,#3b7fa9,49.1835908,1996,$0.97 ,Ecuador,199,ferlammr@moonfruit.com,TRUE,5.89E+15,$63.6M,0
21:12:57,brand web-enabled convergence,21.54.154.216,#47b58d,-7.5450262,2006,$4.42 ,Thailand,207,dgrimmerbd@bandcamp.com,FALSE,3.55E+15,$491.02M,0
19:48:19,exploit cross-platform functionalities,223.11.73.158,#50eb0a,-6.4127,1995,$3.68 ,Thailand,209,dbonus8p@angelfire.com,FALSE,4.41E+15,$701.48M,0
23:32:36,engage transparent markets,151.113.42.236,#47da4f,-8.5988,2003,$6.98 ,Dominican Republic,209,triolfifi@freewebs.com,FALSE,5.04E+17,$142.06M,0
15:23:12,recontextualize user-centric platforms,210.216.153.25,#23273e,14.3248092,2001,$3.54 ,China,211,bdhillon3r@usnews.com,TRUE,4.03E+15,$475.23M,0
17:21:25,enhance cross-platform e-commerce,24.110.13.152,#4c529b,47.48325,2003,$6.77 ,Croatia,217,ksevinbc@reference.com,TRUE,3.75E+14,$7.72B,0
23:04:19,matrix magnetic eyeballs,101.108.244.213,#aa96ac,15.0634836,2002,$8.05 ,Russia,217,gmacouncj@cisco.com,FALSE,3.54E+15,$192.01M,0
15:31:05,leverage e-business ROI,130.85.178.215,#538d2a,-34.4418692,2009,$6.14 ,Ghana,218,sgritton7t@ucsd.edu,FALSE,3.55E+15,$127.26M,0
22:05:18,innovate customized ROI,232.221.212.187,#f43c5a,31.617202,1987,$7.75 ,Japan,218,cpalffreyf4@apple.com,FALSE,3.54E+15,$3.85B,0
9:17:06,empower proactive initiatives,158.158.169.118,#948a92,-3.5106508,2010,$1.37 ,South Africa,219,hbrillemann8@pbs.org,TRUE,5.00E+15,$51.25B,0
7:18:04,utilize mission-critical e-tailers,198.72.220.248,#ac5c80,31.2823103,2010,$8.79 ,China,221,measman2w@hexun.com,TRUE,5.02E+16,$1.74B,0
9:36:19,empower magnetic vortals,125.68.33.234,#e19e8e,37.7582938,1999,$8.36 ,China,226,dhamnetjc@prlog.org,FALSE,4.51E+15,$112.34M,0
3:36:26,synthesize viral platforms,192.61.68.137,#d5ed75,31.364042,1999,$2.93 ,France,232,qklaas1q@friendfeed.com,FALSE,4.51E+15,$3.85B,0
0:33:49,expedite revolutionary markets,202.247.61.33,#33342c,38.119756,1993,$7.01 ,Brazil,232,fnapton4v@hud.gov,FALSE,2.02E+14,$1.71B,0
20:30:03,benchmark cross-media architectures,59.45.207.89,#46f425,55.2519048,2011,$9.12 ,China,232,vpiggotti7@g.co,TRUE,3.64E+13,$14.06B,0
22:48:01,matrix back-end markets,135.102.217.83,#e885ff,34.662234,2005,$1.91 ,Colombia,233,acapperqn@sciencedaily.com,TRUE,3.54E+15,$4.11B,0
20:29:01,incubate impactful eyeballs,125.212.105.115,#35d11f,31.26179,2003,$0.41 ,Estonia,234,hbaigent56@shareasale.com,TRUE,2.02E+14,$186.35M,0
1:04:29,streamline visionary markets,138.206.68.165,#ad48f6,-8.89429,1993,$6.68 ,Indonesia,235,bmugfordlg@reverbnation.com,TRUE,4.04E+12,$491.64M,0
10:17:51,incentivize granular partnerships,158.118.88.161,#a32b81,-14.72796,2004,$7.65 ,China,235,hcalbratheom@qq.com,TRUE,3.54E+15,$2.31B,0
18:43:31,reintermediate sexy web services,26.250.169.117,#a63dd4,-8.412375,1993,$1.34 ,Venezuela,235,cwelfordpx@1688.com,FALSE,4.41E+15,$795.07M,0
15:19:08,redefine efficient eyeballs,4.67.57.76,#ad2180,9.7532927,2009,$9.19 ,France,237,tbenzingqq@cafepress.com,FALSE,3.59E+15,$2.33B,0
23:42:26,revolutionize robust experiences,229.241.38.204,#24820c,-6.8734228,1992,$3.32 ,China,238,cdinsmorefk@nbcnews.com,FALSE,6.77E+15,$39.22B,0
18:53:44,e-enable ubiquitous experiences,203.192.78.39,#f038e0,40.357628,2003,$5.87 ,Peru,238,karchleyli@weebly.com,FALSE,4.91E+18,$4.62M,0
12:04:28,strategize holistic infomediaries,71.199.62.253,#6d3285,-7.2693645,1998,$5.05 ,Pakistan,241,kfishley30@archive.org,TRUE,3.55E+15,$136.12M,0
15:55:31,morph sexy applications,127.196.58.218,#605285,35.202503,2010,$9.82 ,China,242,jrubieri@cnbc.com,TRUE,3.59E+15,$79.04M,0
21:35:09,monetize intuitive eyeballs,98.52.147.78,#93cf9d,36.4045915,2003,$4.18 ,Japan,243,kfishlylz@apache.org,TRUE,5.01E+15,$626.98M,0
15:20:54,maximize dot-com portals,210.139.177.160,#e1f2e3,-8.8056791,2000,$2.07 ,Afghanistan,245,cblasgenqu@dedecms.com,FALSE,3.55E+15,$581.32M,0
15:57:53,grow impactful e-markets,126.18.68.130,#bb25f4,48.6140715,1992,$5.58 ,Brazil,246,cpennycock6k@list-manage.com,FALSE,3.72E+14,$781.49M,0
8:44:37,innovate intuitive architectures,240.179.15.198,#f3124e,35.1008082,2008,$5.17 ,Switzerland,247,lpersittal@gizmodo.com,TRUE,4.91E+18,$688.77M,0
0:00:55,generate cutting-edge action-items,88.107.110.110,#e7fb56,11.1402783,2009,$0.91 ,Sweden,247,mkleemanko@fc2.com,TRUE,5.60E+15,$42.55M,0
17:46:15,generate viral architectures,76.250.120.58,#a73f52,-34.0391502,1993,$7.01 ,Lebanon,248,cwhartone9@behance.net,FALSE,3.57E+15,$60.36M,0
13:39:01,mesh enterprise methodologies,73.4.195.235,#623053,36.99532,1996,$0.42 ,Paraguay,248,cdowseyju@naver.com,TRUE,3.58E+15,$76.52M,0
20:25:56,disintermediate real-time channels,180.142.127.224,#cc2ac8,-23.1157079,1985,$3.38 ,Nigeria,249,gdmychm5@tumblr.com,FALSE,3.58E+15,$11.67B,0
21:52:41,expedite B2C e-commerce,29.153.31.38,#fe5a60,36.1093631,1996,$2.46 ,Philippines,252,hzucker9@marriott.com,TRUE,3.53E+15,$198.66M,0
7:07:04,unleash user-centric initiatives,76.58.172.27,#dbe103,51.7567459,2000,$5.63 ,Sweden,252,aelderbrant98@trellian.com,FALSE,3.55E+15,$10.69M,0
14:10:33,seize open-source infrastructures,227.195.38.189,#923a7c,49.9747505,1992,$7.55 ,Thailand,252,bshawyersi3@microsoft.com,TRUE,5.50E+15,$330.01M,0
12:32:29,cultivate holistic content,217.80.121.211,#840dc6,-6.9399,2000,$6.88 ,Peru,254,dkermitp7@ning.com,TRUE,6.30E+18,$84.95M,0
4:23:23,deploy e-business vortals,166.184.184.126,#f700b8,49.0225427,2003,$1.92 ,Slovenia,254,dfilyukovqy@feedburner.com,FALSE,3.57E+15,$106.49M,0
19:48:48,deliver enterprise e-tailers,194.71.180.89,#8eb39e,45.5080397,2003,$3.93 ,Finland,258,mlivingsmd@tripadvisor.com,FALSE,6.77E+18,$491.37M,0
21:59:49,implement open-source markets,32.245.206.211,#b75318,45.1433372,2006,$2.37 ,Nigeria,260,beakeoz@a8.net,FALSE,3.57E+15,$14.74B,0
22:51:46,architect sticky models,201.194.19.205,#34f7ea,31.2579515,2006,$1.33 ,Pakistan,261,hharleoh@columbia.edu,FALSE,5.64E+17,$1.78B,0
23:58:15,integrate bricks-and-clicks convergence,125.187.146.29,#6f88d6,31.5233543,2009,$1.09 ,Croatia,262,apfeiferg9@shinystat.com,TRUE,3.55E+15,$301.6M,0
0:32:52,reinvent compelling bandwidth,88.73.111.213,#1b961a,51.8530202,2009,$8.46 ,China,262,egoodanewnd@fema.gov,FALSE,3.54E+15,$34.35B,0
2:48:48,engage extensible synergies,72.160.241.66,#8cdae2,38.05106,1984,$6.98 ,France,265,rbortolgv@epa.gov,TRUE,6.33E+18,$61.21M,0
8:56:15,redefine frictionless e-commerce,128.52.33.216,#3d3494,-11.8551576,2002,$3.08 ,Thailand,267,nmatushevitznb@yelp.com,TRUE,3.53E+15,$137.46M,0
11:14:54,unleash bleeding-edge paradigms,134.61.92.216,#aae241,34.728584,2006,$7.84 ,Indonesia,268,mcousenb0@edublogs.org,TRUE,3.59E+15,$2.62B,0
22:40:08,strategize granular interfaces,117.121.119.50,#075528,22.843818,2003,$2.42 ,China,271,kroziero4@behance.net,FALSE,3.55E+15,$1.57B,0
18:33:25,facilitate virtual web services,171.139.243.194,#742bd4,-11.4890016,2004,$0.39 ,Thailand,272,rflipsenr8@bing.com,TRUE,5.60E+15,$225.71M,0
6:13:48,engineer 24/365 technologies,50.104.131.230,#ebf1d6,39.3897164,2001,$3.55 ,Argentina,273,clougheedr5@goo.gl,FALSE,6.77E+15,$9.66B,0
17:52:28,recontextualize transparent infomediaries,141.170.81.196,#b82760,50.2923198,1963,$9.43 ,Russia,275,hjeffrey5b@latimes.com,FALSE,4.91E+15,$966.47M,0
23:55:17,mesh next-generation metrics,7.209.155.113,#8d5536,39.930136,1999,$0.32 ,China,275,iledesr4@answers.com,FALSE,4.92E+15,$534.63M,0
2:30:41,streamline B2B eyeballs,138.59.234.156,#33c47d,50.1601386,1999,$5.90 ,China,278,mseekings9y@eventbrite.com,TRUE,3.57E+15,$169.43M,0
9:35:29,enable web-enabled web-readiness,155.230.133.31,#6be2d8,49.9321242,2007,$8.55 ,Philippines,278,epuddlecy@usa.gov,FALSE,3.55E+15,$39.48M,0
5:29:23,matrix intuitive experiences,213.4.215.205,#fa9052,35.9014983,1999,$3.93 ,Iran,281,dsendallm8@nhs.uk,FALSE,3.54E+15,$3.33B,0
16:57:46,harness mission-critical e-services,117.18.67.4,#6bddbe,11.0678757,2010,$2.91 ,Pakistan,282,lpippinggt@livejournal.com,TRUE,3.53E+15,$293.41M,0
21:13:16,seize compelling users,135.194.27.129,#d4cd8e,32.059093,2004,$5.51 ,Indonesia,283,dloughlandy@indiegogo.com,FALSE,3.57E+15,$114.27M,0
9:37:22,reinvent visionary partnerships,68.138.116.215,#3ab3c0,22.4919891,2001,$5.10 ,Peru,286,slibrey7z@deliciousdays.com,TRUE,5.43E+15,$710.31M,0
21:12:48,repurpose global e-commerce,102.169.139.59,#cc3ab0,36.978537,2006,$7.46 ,Russia,287,thughlinbj@arizona.edu,FALSE,3.55E+15,$695.1M,0
10:00:53,enhance world-class functionalities,146.255.158.11,#72600d,38.4415297,2012,$3.77 ,China,288,sdopsonnh@meetup.com,FALSE,3.56E+15,$1.35B,0
14:43:06,synergize killer eyeballs,144.153.206.233,#732ade,55.6042276,2005,$0.83 ,China,289,rwaskett9z@deviantart.com,FALSE,5.60E+16,$2.69B,0
17:30:16,recontextualize clicks-and-mortar platforms,222.44.160.224,#8f9242,15.4601543,1987,$6.05 ,Greece,290,svinebz@networkadvertising.org,FALSE,3.04E+13,$96.27M,0
14:20:08,productize robust supply-chains,217.46.181.232,#5b9110,-6.7597,1990,$5.18 ,Argentina,290,aleveti5@sourceforge.net,FALSE,4.23E+15,$11.22B,0
7:09:06,mesh rich convergence,119.165.230.122,#d33596,54.5489994,2008,$7.04 ,China,292,jmccourtog@smh.com.au,TRUE,4.90E+18,$127.33M,0
11:42:15,strategize proactive channels,77.9.150.171,#64fef6,30.169665,1998,$0.08 ,China,293,dleijskt@wisc.edu,FALSE,5.60E+15,$897.42M,0
21:04:34,drive web-enabled functionalities,64.249.102.22,#cd0b9c,47.3036891,2001,$1.72 ,Bhutan,295,nfinleyq2@1und1.de,TRUE,5.16E+15,$187.53M,0
3:04:50,disintermediate B2C interfaces,225.172.46.38,#bc80e2,7.8494444,1985,$1.60 ,Indonesia,297,shenlondr@globo.com,FALSE,4.42E+12,$22.76B,0
21:19:24,leverage seamless e-markets,21.24.47.183,#906e35,27.88157,2003,$2.52 ,Indonesia,304,mbiggso6@baidu.com,FALSE,3.54E+15,$536.92M,0
23:06:02,generate cross-platform e-tailers,22.152.224.121,#545f31,-27.284815,2000,$5.90 ,China,308,rdoone2l@addtoany.com,FALSE,3.59E+15,$1.41B,0
5:42:37,facilitate transparent platforms,201.122.56.149,#8ae136,-3.9052525,2005,$8.65 ,Russia,309,khanrattyhc@weebly.com,TRUE,4.91E+18,$19.26B,0
15:34:58,recontextualize clicks-and-mortar solutions,18.96.108.34,#0a9a35,-9.824074,1996,$2.28 ,Brazil,312,granshaw92@utexas.edu,FALSE,3.56E+15,$883.38M,0
6:42:44,synthesize bricks-and-clicks ROI,233.200.20.176,#2e887f,30.126539,1996,$2.92 ,China,315,gcowie2r@ucsd.edu,FALSE,3.53E+15,$806.93M,0
11:19:16,revolutionize 24/365 action-items,211.199.108.244,#7e16bb,37.251388,1997,$2.49 ,Thailand,316,jlago2x@reference.com,FALSE,3.55E+15,$136.02M,0
13:38:29,orchestrate extensible eyeballs,170.178.15.149,#62ab80,-8.5052,1999,$4.08 ,Ireland,316,kmataninoa@webmd.com,FALSE,5.01E+15,$923.88M,0
12:54:54,envisioneer magnetic ROI,59.6.255.29,#e13294,23.219932,2012,$6.89 ,Poland,318,jpreedyod@msn.com,TRUE,4.04E+12,$1.26B,0
0:14:38,grow granular e-tailers,46.233.61.78,#322a71,28.262375,1997,$1.00 ,Iran,319,cmasseyap@booking.com,TRUE,3.54E+15,$1.75B,0
3:01:04,productize dynamic web-readiness,62.132.66.52,#03d3d1,49.4515969,1988,$8.47 ,Portugal,319,mdukenc@technorati.com,TRUE,5.60E+17,$4.14B,0
23:58:32,brand scalable infrastructures,171.143.81.16,#2ec097,49.3448284,2012,$7.40 ,Greece,321,mcopperaq@ehow.com,FALSE,6.76E+18,$78.03B,0
18:32:14,disintermediate efficient partnerships,250.130.12.38,#b69fd8,27.5002269,2007,$5.60 ,Philippines,325,pdilsdt@ameblo.jp,TRUE,4.91E+15,$7.76B,0
10:49:36,repurpose magnetic technologies,233.199.9.185,#cbf81b,60.3891548,1994,$8.04 ,Poland,326,kdalla2c@netvibes.com,TRUE,3.56E+15,$14.65M,0
3:26:32,innovate virtual networks,101.107.121.169,#92a49f,59.3551153,2001,$1.68 ,China,326,osatyford52@dyndns.org,TRUE,5.39E+15,$6.4B,0
9:49:19,harness real-time users,183.131.86.50,#4fb9d5,-34.5872079,1965,$4.96 ,Netherlands,326,hstuehmeierit@vkontakte.ru,TRUE,3.72E+14,$270.26M,0
1:53:14,orchestrate distributed markets,29.12.11.0,#baa098,-3.4593888,1992,$8.53 ,Sweden,328,wtrekerq3@bravesites.com,FALSE,5.60E+15,$4.34B,0
13:01:53,transition frictionless relationships,141.45.135.105,#2cb1d5,23.802044,2007,$0.75 ,China,329,acrightond2@is.gd,FALSE,3.54E+15,$4.61B,0
19:07:12,envisioneer turn-key e-markets,233.182.152.167,#12c49a,33.7730407,1996,$0.25 ,Estonia,329,cbottonereo@youtube.com,TRUE,3.56E+15,$4.8B,0
15:52:56,redefine extensible technologies,234.227.247.204,#652726,50.2014324,2004,$4.26 ,Thailand,332,tmegaheyq1@nps.gov,FALSE,3.53E+15,$4.63B,0
19:05:14,transform efficient models,8.218.209.56,#4d845e,23.70475,2002,$5.91 ,Russia,334,mstephens87@cbslocal.com,FALSE,3.55E+15,$276.7M,0
18:27:34,productize transparent applications,6.218.121.221,#31df66,-12.034087,1993,$5.05 ,China,335,hnezeyj1@parallels.com,FALSE,5.60E+18,$14.95M,0
22:12:40,target ubiquitous interfaces,73.181.51.70,#f5cc23,46.36446,1992,$8.12 ,China,337,bcalifornian3@eventbrite.com,FALSE,3.74E+14,$3B,0
6:42:01,innovate user-centric infrastructures,176.136.175.253,#0e3302,29.859178,1994,$9.76 ,Brazil,337,cmurdynt@ocn.ne.jp,TRUE,3.54E+15,$19.39B,0
18:46:50,iterate clicks-and-mortar e-business,13.239.135.159,#20a1d6,10.2583233,2012,$8.62 ,Indonesia,342,gdumbreckm@vinaora.com,FALSE,3.74E+14,$3.5B,0
4:01:34,productize leading-edge content,242.47.248.195,#399b19,41.0423985,1993,$2.45 ,Peru,342,ehillabyor@stanford.edu,FALSE,5.61E+16,$516.53M,0
22:10:22,harness clicks-and-mortar deliverables,232.40.98.138,#d4c920,-21.7853787,1990,$4.90 ,China,344,dyeldonmt@eventbrite.com,FALSE,4.90E+15,$27.57M,0
13:33:41,redefine bricks-and-clicks web services,155.170.80.225,#4c5ac3,30.3414125,2010,$3.41 ,Finland,345,sdietmarjd@home.pl,TRUE,3.55E+15,$473.87M,0
7:05:46,deliver interactive metrics,66.224.246.82,#567dfc,55.8951461,2009,$6.78 ,Ukraine,348,ggosney1l@icio.us,FALSE,3.57E+15,$65.74M,0
20:31:47,integrate real-time schemas,231.3.118.127,#562246,59.1743317,2012,$6.57 ,China,350,carbonh5@wikimedia.org,FALSE,5.00E+15,$32.79M,0
21:39:54,visualize compelling metrics,144.3.243.19,#72ff9c,-12.2632051,1998,$8.28 ,China,350,pwalkeyqm@seattletimes.com,FALSE,6.76E+17,$1.32B,0
23:17:39,deliver bricks-and-clicks channels,41.151.175.140,#0603f2,-6.7299868,2007,$0.08 ,Indonesia,353,epetts8e@opensource.org,FALSE,3.58E+15,$354.27M,0
23:14:25,empower dynamic channels,11.16.106.156,#e1039e,16.3273562,2007,$9.58 ,China,354,ijamieson61@google.com,FALSE,5.10E+15,$458.32M,0
11:53:25,transition ubiquitous e-business,51.173.224.92,#aa5db3,22.362731,1984,$7.26 ,Argentina,354,cdaughteryem@purevolume.com,TRUE,3.58E+15,$52.03M,0
12:58:50,mesh vertical networks,149.167.112.241,#2adfb8,37.73892,2012,$7.87 ,Indonesia,355,cbuchanan1u@usa.gov,FALSE,3.53E+15,$1.9B,0
9:12:14,exploit collaborative metrics,251.4.218.247,#b40183,-9.798194,2006,$7.58 ,Indonesia,355,chazeltonku@wikia.com,TRUE,6.76E+15,$75.74M,0
7:08:22,reintermediate revolutionary eyeballs,131.178.117.122,#68b7a7,7.5166669,1995,$7.00 ,Uzbekistan,357,cdonawayb3@reverbnation.com,TRUE,3.56E+15,$18.51M,0
10:01:12,disintermediate sexy experiences,69.212.143.214,#d42108,30.2733296,2005,$6.10 ,Portugal,357,omaceye4@shareasale.com,TRUE,6.77E+17,$187.27B,0
23:52:54,repurpose strategic channels,77.179.30.81,#4f2688,44.5931785,2010,$6.87 ,Indonesia,361,apyle4x@com.com,TRUE,6.33E+15,$1.68B,0
20:25:58,disintermediate turn-key communities,104.78.249.48,#cb6444,-12.1253006,2006,$4.64 ,Ireland,366,dflasby6u@dyndns.org,FALSE,3.38E+14,$4.25B,0
11:20:32,engineer interactive deliverables,60.18.156.146,#aba069,37.0827754,1992,$3.97 ,Indonesia,367,llibero2q@simplemachines.org,TRUE,4.03E+15,$3.97B,0
3:18:38,target global users,156.237.186.154,#2513d1,23.913205,1994,$7.73 ,Russia,369,sweatherhillnq@cbsnews.com,TRUE,3.54E+15,$200.83M,0
21:20:34,facilitate viral models,155.169.252.70,#3294f1,41.2867247,1997,$6.20 ,Russia,370,hhawtreyak@house.gov,TRUE,3.38E+14,$411.96M,0
11:33:11,generate cross-platform experiences,183.113.173.191,#3c36e1,52.3429156,2001,$8.23 ,Greece,371,ahacquel9v@squidoo.com,TRUE,3.53E+15,$345.32M,0
2:43:35,repurpose global ROI,150.129.201.36,#7018dc,38.7004199,1993,$2.92 ,Czech Republic,372,cbarradell5r@xinhuanet.com,TRUE,6.77E+15,$708.87M,0
13:36:01,architect 24/365 web-readiness,15.137.95.220,#8ec647,34.062917,1994,$9.08 ,Germany,372,pgorleroy@topsy.com,TRUE,6.77E+15,$1.78B,0
16:02:43,mesh ubiquitous ROI,48.202.147.1,#52f3c5,4.5827227,1970,$4.66 ,Mexico,373,cbreitleraz@adobe.com,TRUE,5.60E+15,$5.52B,0
18:39:30,streamline global niches,119.197.65.25,#c498eb,14.2524816,2012,$4.69 ,Brazil,374,jfrascone88@slideshare.net,FALSE,3.54E+15,$110.38M,0
14:36:49,exploit extensible niches,107.206.245.119,#42f48b,49.9521295,1994,$9.85 ,Indonesia,376,gborsay8c@addthis.com,TRUE,3.55E+15,$229.8M,0
13:13:04,generate cross-platform deliverables,220.2.179.147,#6cf450,24.9936281,1988,$5.93 ,Indonesia,376,opfeuffer9h@deliciousdays.com,FALSE,4.04E+12,$642.98M,0
0:33:27,deploy holistic eyeballs,132.70.78.218,#a38c3f,55.86667,1966,$5.79 ,China,376,akohterh9@nih.gov,TRUE,3.57E+15,$1.49B,0
5:54:43,seize innovative eyeballs,176.115.235.234,#a45613,7.579029,1984,$9.90 ,Palestinian Territory,382,tgrishelyovr0@netlog.com,FALSE,3.65E+13,$8.19M,0
1:30:46,iterate one-to-one supply-chains,142.111.246.38,#1a1130,23.1243988,2007,$5.24 ,South Korea,384,kcartneri4@topsy.com,FALSE,6.40E+15,$1.06B,0
22:12:58,synergize enterprise content,140.164.107.231,#3aedfb,20.6518868,2007,$0.82 ,Sweden,387,pciric6g@businessinsider.com,TRUE,5.48E+15,$303.43M,0
1:35:16,repurpose granular methodologies,116.211.2.222,#ebb912,36.07884,1993,$4.92 ,China,387,tloftsk0@tiny.cc,FALSE,3.72E+14,$806.93M,0
11:02:37,integrate B2B applications,211.207.156.235,#03ba77,56.1060907,2011,$7.43 ,Philippines,389,akitebe@sina.com.cn,FALSE,4.03E+15,$1.26B,0
0:55:20,strategize open-source deliverables,14.162.181.36,#527030,-6.9592677,2010,$0.29 ,Portugal,390,ableasdale4m@mysql.com,FALSE,3.57E+15,$1.1B,0
10:16:57,repurpose frictionless action-items,86.19.208.142,#425ac6,59.3235522,2000,$8.92 ,China,390,bmanifould6f@pinterest.com,TRUE,6.05E+16,$164.15M,0
18:27:42,revolutionize end-to-end synergies,98.103.255.177,#3914fe,-10.2024984,1990,$3.01 ,Mexico,391,zcarswell70@gizmodo.com,TRUE,3.58E+15,$42.78M,0
13:22:04,leverage transparent e-services,93.231.179.6,#35ce07,8.748114,1990,$4.74 ,Luxembourg,392,mbilovskyeb@gmpg.org,TRUE,4.94E+15,$498.3M,0
15:08:39,recontextualize turn-key communities,225.247.114.35,#b3973a,11.0855409,1996,$8.57 ,Portugal,392,fwindridgeht@bizjournals.com,FALSE,5.24E+15,$109.6M,0
3:24:26,implement one-to-one deliverables,20.86.19.242,#7b1042,13.9434827,1994,$4.54 ,Indonesia,392,mbeechingk5@hud.gov,TRUE,3.53E+15,$41.9M,0
4:49:52,utilize revolutionary convergence,254.147.72.233,#011eb5,44.1201864,1998,$5.69 ,Ukraine,393,ssimonetto8j@newyorker.com,TRUE,3.53E+15,$34.21M,0
13:52:51,innovate clicks-and-mortar bandwidth,204.55.2.74,#16de3e,32.200197,1995,$6.15 ,Russia,395,tsalack3s@nydailynews.com,FALSE,4.48E+12,$1.25B,0
20:53:36,revolutionize best-of-breed schemas,208.76.72.64,#63d6bb,56.9938866,1996,$2.69 ,Russia,395,tbrannil2@bandcamp.com,TRUE,3.53E+15,$76.54M,0
1:16:14,repurpose turn-key metrics,67.194.93.45,#f12f1b,39.3046388,2007,$1.54 ,Japan,398,gledramo3@t-online.de,TRUE,5.02E+18,$462.92M,0
11:11:16,extend B2C initiatives,92.6.184.9,#dd7dd5,44.3972703,2006,$2.27 ,Indonesia,401,dprestidge4z@altervista.org,FALSE,3.57E+15,$534.63M,0
20:03:37,generate sticky deliverables,111.43.93.90,#c10b7b,33.437877,2006,$0.59 ,Ukraine,401,kbowdleris@alexa.com,FALSE,3.74E+14,$330.28M,0
7:39:59,recontextualize intuitive vortals,7.182.159.217,#8a4527,30.327543,1993,$5.38 ,China,403,evolantbw@illinois.edu,FALSE,6.77E+17,$74.69M,0
6:42:43,architect scalable content,125.151.8.157,#4222d1,-3.4610562,2008,$5.02 ,Nepal,403,dwerndleymj@vk.com,FALSE,3.54E+15,$5.6B,0
19:45:20,engage dot-com supply-chains,129.21.175.156,#fb169f,58.4286125,2009,$8.00 ,Poland,404,kvinceff@wunderground.com,FALSE,3.58E+15,$198.29M,0
2:04:19,benchmark efficient synergies,235.84.141.123,#bd69db,-32.947692,1999,$3.11 ,China,405,bpalombilr@livejournal.com,FALSE,3.58E+15,$276.36M,0
22:29:15,whiteboard e-business models,94.187.20.1,#0dd77b,36.990268,1979,$7.22 ,Sweden,407,bbiancodk@nih.gov,TRUE,5.30E+15,$300.24M,0
3:45:09,innovate next-generation technologies,214.33.32.143,#926968,13.2910707,2008,$0.84 ,Indonesia,408,garsey9m@deliciousdays.com,TRUE,3.58E+15,$8.33M,0
0:02:07,embrace magnetic e-services,41.104.72.174,#b04f18,50.4225,2002,$9.74 ,China,408,mkingswoodd0@edublogs.org,FALSE,3.57E+15,$695.42M,0
10:49:56,brand magnetic markets,232.76.72.138,#a24294,-21.3699248,2006,$2.27 ,Brazil,411,ecapnergz@spotify.com,FALSE,3.55E+15,$402.82M,0
7:14:30,innovate vertical supply-chains,163.124.192.12,#805083,34.90994,2005,$4.41 ,Indonesia,418,psierq9@upenn.edu,TRUE,5.10E+15,$5.06B,0
15:48:03,exploit granular eyeballs,250.103.206.226,#b65ed6,57.7123057,1997,$9.84 ,China,420,gmathiasea@omniture.com,TRUE,3.58E+15,$56.38M,0
19:55:54,enhance open-source supply-chains,64.80.78.190,#e39877,32.7940463,1985,$3.20 ,Senegal,420,cjeandeaugb@redcross.org,FALSE,3.58E+15,$159.61M,0
12:47:13,aggregate robust web services,236.198.126.83,#4e2af5,50.1919788,1994,$6.05 ,China,421,bgowry3h@jiathis.com,FALSE,3.57E+15,$157.25M,0
18:40:08,utilize strategic users,60.199.8.123,#80076d,28.572029,2002,$7.22 ,Portugal,422,rabrey85@1688.com,FALSE,3.57E+15,$1.02B,0
14:09:00,envisioneer killer functionalities,64.175.199.80,#0e8400,-36.1406484,1995,$1.74 ,Sweden,423,ddriscollhd@odnoklassniki.ru,FALSE,6.76E+15,$95.04M,0
17:11:35,orchestrate efficient experiences,95.206.145.107,#f91d20,6.7139748,1993,$5.36 ,Indonesia,426,llidgertwood8i@creativecommons.org,FALSE,3.56E+15,$1.63B,0
21:08:13,visualize dynamic channels,77.143.190.28,#a3963e,24.245418,1999,$7.97 ,Greece,428,lohederscolldl@epa.gov,FALSE,3.55E+15,$472.51M,0
6:19:27,integrate clicks-and-mortar architectures,32.103.181.40,#7d6266,-8.3979403,2009,$3.86 ,Indonesia,428,nsegerl1@msu.edu,FALSE,6.76E+16,$1.9B,0
21:17:03,cultivate interactive users,243.118.2.189,#143eb1,60.3435461,1991,$0.38 ,Malaysia,436,lchalcroftka@addthis.com,TRUE,3.58E+15,$491.34M,0
5:14:11,strategize granular infomediaries,246.196.110.252,#c4ff7a,41.494692,1996,$0.01 ,Canada,437,mharsentre@mit.edu,FALSE,3.57E+15,$93.93M,0
15:17:34,unleash sticky experiences,191.57.110.170,#764c1e,39.1002506,2011,$5.76 ,Japan,438,efairbairn5j@is.gd,FALSE,4.91E+17,$13.07B,0
23:41:45,empower rich functionalities,63.45.238.18,#e2f93b,-41.2070875,1992,$3.15 ,Indonesia,438,kmedgewickfj@canalblog.com,FALSE,3.59E+15,$2.78B,0
11:30:00,disintermediate frictionless vortals,92.131.140.2,#6fd66f,59.5006139,1988,$8.84 ,Indonesia,442,chubbockp8@mayoclinic.com,TRUE,3.54E+15,$351.67M,0
20:32:29,evolve next-generation synergies,180.141.253.44,#f82f56,39.974179,2003,$9.43 ,Japan,445,growcastlejy@merriam-webster.com,TRUE,5.64E+18,$17.7B,0
14:26:33,evolve best-of-breed action-items,126.139.65.182,#491966,7.3760605,1995,$1.94 ,Peru,445,jthrashernj@friendfeed.com,FALSE,3.55E+15,$582.59M,0
15:37:19,enhance global models,50.137.22.229,#f6b5db,14.8921247,2010,$9.42 ,Sweden,446,sgunnex@hud.gov,FALSE,2.02E+14,$271.66M,0
16:57:33,orchestrate synergistic vortals,25.38.82.84,#b3a151,24.84662,1995,$5.86 ,Sweden,446,smclarensoq@china.com.cn,TRUE,5.04E+15,$52.53M,0
15:20:24,productize proactive eyeballs,84.97.247.118,#fe9684,30.304377,1994,$0.90 ,Indonesia,447,rdewernf@issuu.com,TRUE,3.55E+15,$49.81M,0
18:35:14,recontextualize visionary e-commerce,140.160.105.75,#b3ad5d,45.0486976,2007,$2.04 ,Philippines,451,etuffleyl8@1688.com,TRUE,3.45E+14,$1.23M,0
0:57:12,target vertical e-commerce,208.15.120.219,#fb4f84,20.8965838,2004,$1.41 ,El Salvador,453,jgiorgiuttigi@nsw.gov.au,FALSE,3.56E+15,$64.41M,0
16:36:49,enable compelling infrastructures,168.135.234.173,#3f6396,4.974252,2002,$0.32 ,China,453,fbrandoj9@bravesites.com,FALSE,3.64E+13,$128.18M,0
20:57:26,transform cutting-edge synergies,132.80.229.202,#8c6bd3,35.640089,2012,$5.39 ,Bangladesh,454,bbrinklow29@moonfruit.com,TRUE,4.38E+12,$10.91M,0
13:19:17,benchmark bricks-and-clicks markets,14.113.144.137,#2a5377,41.88306,2000,$2.14 ,Palestinian Territory,455,lpryera8@msn.com,TRUE,3.59E+15,$483.46M,0
0:21:12,innovate user-centric action-items,251.129.39.198,#57aaf4,27.6581078,2003,$4.36 ,China,456,nbebisim@msu.edu,FALSE,3.55E+15,$3.46B,0
11:02:41,visualize end-to-end action-items,33.175.248.239,#452be7,59.1107233,1999,$5.69 ,Russia,456,dbirdseyj8@usgs.gov,FALSE,4.18E+15,$6.56B,0
21:10:41,disintermediate interactive networks,227.169.104.195,#dc490a,10.68825,1992,$6.06 ,Poland,459,tmaddrelle0@wordpress.org,FALSE,3.59E+15,$1.69B,0
4:29:28,enhance one-to-one metrics,70.149.200.82,#491b2d,32.990664,1992,$9.86 ,United States,460,briddler78@businessinsider.com,FALSE,3.72E+14,$1.09B,0
11:12:20,cultivate wireless e-services,95.190.121.52,#e884d0,-7.5630269,2009,$6.08 ,China,460,ptaffurelliiq@uiuc.edu,TRUE,3.54E+15,$311.65M,0
22:50:56,empower front-end schemas,232.244.226.121,#5a2e2e,43.7668053,1993,$5.23 ,United States,461,lmacgillov@over-blog.com,TRUE,3.56E+15,$25.18M,0
18:17:22,target world-class paradigms,175.250.205.194,#8a0d94,-7.311248,1984,$4.40 ,Brazil,462,dabden39@patch.com,FALSE,5.64E+18,$1.04B,0
5:08:05,grow magnetic schemas,164.241.29.197,#869318,39.128291,2008,$5.32 ,Indonesia,463,gmorffewc8@java.com,FALSE,4.02E+15,$734.96M,0
19:55:53,revolutionize B2C deliverables,73.40.49.251,#62fa86,56.0116996,1996,$6.11 ,Dominican Republic,465,aagentkf@prnewswire.com,TRUE,3.55E+15,$14.31B,0
16:38:26,reinvent B2B action-items,19.153.243.130,#ec8883,35.937102,2007,$0.14 ,Honduras,469,snoaha3@php.net,FALSE,3.01E+13,$29.95M,0
1:37:40,redefine customized initiatives,201.166.89.228,#6dd701,6.83493,1967,$1.69 ,Canada,469,hlauderj3@examiner.com,TRUE,3.54E+15,$284.99M,0
9:24:51,enable one-to-one synergies,232.216.29.30,#12f598,-6.1169676,1987,$4.30 ,Saudi Arabia,472,carenson8t@ycombinator.com,TRUE,3.54E+15,$1.63B,0
17:55:03,repurpose strategic methodologies,37.111.188.26,#41c459,30.9541295,2001,$3.64 ,France,475,bbartoszinskiam@hc360.com,TRUE,2.02E+14,$605.25M,0
0:38:03,optimize B2C networks,117.12.39.213,#484ddd,48.7720518,2004,$1.83 ,Indonesia,476,wsleightholm1n@linkedin.com,TRUE,3.57E+15,$369.43M,0
2:57:44,disintermediate plug-and-play networks,9.220.13.21,#09ed57,-6.9794957,2000,$4.45 ,Portugal,476,jmoggank4@dyndns.org,TRUE,2.02E+14,$126.61M,0
15:49:16,redefine turn-key communities,187.84.135.157,#2fa54e,57.6893251,2002,$9.15 ,Japan,476,yhurlerkw@wikipedia.org,TRUE,3.59E+15,$896.34M,0
14:33:21,seize best-of-breed mindshare,149.244.20.147,#2940b4,49.9458951,2002,$7.04 ,China,477,cbrewis8s@51.la,FALSE,3.55E+15,$710.24M,0
3:40:13,transition granular portals,150.214.117.169,#553da7,34.6886731,2002,$1.42 ,France,478,msollitt19@infoseek.co.jp,FALSE,3.57E+15,$725.75M,0
7:24:53,envisioneer sexy channels,111.132.51.36,#bf5596,35.4731712,2000,$4.35 ,Philippines,484,rfrenchumpe@prlog.org,TRUE,4.29E+12,$2.84B,0
7:21:25,facilitate integrated ROI,20.206.40.14,#91dfee,49.1382421,1992,$7.41 ,France,488,amcmasterge@instagram.com,FALSE,6.76E+18,$136.04M,0
16:43:58,reintermediate cutting-edge experiences,15.153.202.23,#dc7b0a,21.6837923,1997,$8.74 ,Indonesia,489,igjerdelo@epa.gov,TRUE,6.30E+15,$414.73M,0
20:34:14,visualize collaborative e-business,12.251.220.186,#e73f65,6.9421349,2013,$7.98 ,China,490,svollerot@narod.ru,FALSE,3.53E+15,$19.68M,0
7:38:18,morph bricks-and-clicks eyeballs,43.13.160.124,#4a9547,48.8568191,1989,$2.95 ,Indonesia,491,keplettcl@disqus.com,FALSE,3.56E+15,$1.04B,0
18:54:57,repurpose revolutionary solutions,253.101.195.255,#de487f,20.6561071,1992,$4.51 ,Ireland,493,dhellicarjf@discuz.net,TRUE,3.57E+15,$387.13M,0
19:37:02,productize vertical experiences,104.181.64.241,#be9770,7.75,1994,$3.52 ,Thailand,493,wsilbersakq4@archive.org,FALSE,3.58E+15,$6.14M,0
14:53:04,embrace visionary infrastructures,105.57.30.75,#d925b6,-6.8928049,1992,$7.96 ,Latvia,493,lsolerh@cam.ac.uk,TRUE,3.53E+15,$246.49M,0
14:26:13,target out-of-the-box models,124.210.74.31,#bd6777,12.7797397,2011,$8.45 ,China,494,obaumanhf@wsj.com,FALSE,5.18E+15,$1.15B,0
10:10:35,reintermediate efficient eyeballs,122.97.249.57,#54256e,17.3124678,2010,$3.25 ,Croatia,500,rletevelj@who.int,TRUE,3.62E+13,$62M,0
16:27:16,grow virtual experiences,225.189.118.252,#c510d3,55.8817076,1992,$6.54 ,Canada,504,kpesch@facebook.com,TRUE,2.02E+14,$1.03B,0
11:19:46,repurpose global infrastructures,249.37.125.237,#743282,-6.22625,1996,$5.53 ,China,507,jjollisscq@youtu.be,TRUE,3.57E+15,$292.85M,0
3:09:03,engage seamless convergence,160.231.114.251,#e5467b,35.1099953,2005,$1.17 ,China,508,vohagirtieeg@disqus.com,TRUE,5.01E+15,$31.11M,0
1:12:55,syndicate virtual architectures,177.14.35.64,#397f2d,10.8026827,2006,$6.65 ,Philippines,509,stootin26@tiny.cc,FALSE,6.33E+17,$378.74M,0
1:25:47,scale robust ROI,72.100.39.94,#43b783,51.9857896,1990,$4.13 ,Russia,510,vlibbe6o@theatlantic.com,TRUE,3.56E+15,$996.04M,0
13:25:26,optimize front-end web services,145.215.207.218,#d23707,-22.0227557,1992,$2.42 ,China,513,iceaplen1x@amazonaws.com,FALSE,3.56E+15,$243.18M,0
15:43:16,deploy transparent interfaces,81.207.184.120,#1f8400,49.7713426,2009,$4.85 ,Indonesia,513,bcarlyon2o@storify.com,TRUE,5.49E+15,$5.6B,0
13:18:08,harness strategic synergies,218.145.112.141,#0d8aa4,69.9717043,1999,$0.23 ,Indonesia,513,dspilletton@posterous.com,FALSE,6.33E+15,$7.05M,0
17:32:10,syndicate user-centric users,235.37.172.105,#05ab03,57.195623,1997,$3.11 ,Philippines,513,pwanjekqb@ameblo.jp,TRUE,3.56E+15,$32.7M,0
9:17:37,extend 24/365 solutions,93.58.238.230,#8736ee,5.459089,2000,$5.76 ,China,514,tbogie4k@vinaora.com,TRUE,5.59E+15,$643.74M,0
13:04:00,productize synergistic e-markets,67.169.1.7,#64f03b,14.5655902,2002,$0.05 ,China,514,wderks5h@trellian.com,FALSE,5.10E+15,$7.53B,0
0:46:29,scale collaborative users,0.119.156.126,#81e803,59.1134343,1998,$9.03 ,Vietnam,520,gbraitlingqr@uiuc.edu,FALSE,2.02E+14,$4.32B,0
5:43:03,synergize 24/365 mindshare,39.114.90.94,#549d06,20.7595709,2010,$4.87 ,France,521,tzeplinos@github.io,TRUE,3.56E+15,$65.48M,0
20:33:04,disintermediate frictionless users,253.100.154.128,#b43616,27.236635,1991,$9.10 ,Brazil,522,sreda4@spiegel.de,TRUE,6.30E+15,$3.4B,0
22:30:09,harness robust partnerships,140.5.15.243,#dd6887,40.5684068,2012,$9.42 ,Moldova,522,brubartellihq@wikipedia.org,FALSE,3.00E+13,$6.74M,0
1:58:31,enhance leading-edge users,208.109.235.148,#2bc560,43.53121,1993,$2.77 ,France,522,dbutfieldnw@google.cn,TRUE,4.94E+17,$3.16B,0
4:24:56,engage out-of-the-box synergies,230.195.148.253,#268de5,17.1413481,1995,$4.84 ,China,526,amcquie7v@slideshare.net,TRUE,5.00E+15,$29.95M,0
1:08:18,leverage efficient technologies,85.47.65.126,#e34994,-7.3162208,2011,$7.06 ,France,526,dbridgestockpz@cisco.com,TRUE,5.55E+15,$7.36B,0
16:49:22,deploy synergistic content,89.160.147.5,#a1cc30,59.9318604,2009,$6.43 ,Philippines,526,jbeverleyqp@friendfeed.com,TRUE,2.01E+14,$1.6B,0
18:42:23,brand 24/365 functionalities,217.107.230.20,#971d18,23.131797,2009,$9.06 ,Argentina,528,emadenw@tinypic.com,TRUE,5.10E+15,$82.28B,0
10:50:40,expedite compelling users,195.19.162.204,#78dcb5,-10.7281603,2001,$8.19 ,France,531,fduligalcp@moonfruit.com,FALSE,3.57E+15,$1.13B,0
19:38:13,disintermediate front-end eyeballs,184.43.157.35,#d098c2,41.714914,2006,$8.21 ,Portugal,532,ccouvetf@census.gov,FALSE,3.02E+13,$392.46M,0
13:18:06,engage leading-edge infomediaries,59.121.75.27,#dd7b22,40.5740471,1996,$6.65 ,Philippines,534,mferrarioih@pinterest.com,FALSE,3.55E+15,$3.97B,0
22:25:42,syndicate open-source markets,18.237.202.220,#f56c7e,7.6738728,2010,$6.20 ,Sweden,539,azollnerhx@nsw.gov.au,TRUE,3.55E+15,$794.98M,0
13:59:43,reinvent synergistic methodologies,234.33.221.110,#2a28f8,38.944858,2000,$7.94 ,Uzbekistan,540,cpetricekca@nih.gov,TRUE,6.76E+16,$821.61M,0
14:49:31,enable enterprise networks,157.219.130.63,#1c3879,26.9597709,1992,$2.86 ,Canada,541,mgreesoncv@soup.io,TRUE,5.02E+16,$551.95M,0
21:54:50,implement dot-com convergence,21.134.74.241,#c45408,8.7261944,1989,$3.46 ,East Timor,543,lplankee@princeton.edu,TRUE,5.89E+18,$60.17M,0
13:22:08,leverage innovative architectures,240.59.128.85,#b2a449,10.668154,1988,$9.39 ,China,545,gkoresad@dailymotion.com,FALSE,6.39E+15,$585.08M,0
19:29:28,whiteboard turn-key infrastructures,161.247.239.126,#8b374d,59.9050895,2002,$2.41 ,Russia,546,akingabymb@moonfruit.com,TRUE,6.76E+18,$1.67B,0
10:39:29,target sexy markets,182.7.126.82,#9e46d2,9.7437515,1998,$7.37 ,Indonesia,549,chousbyd8@seattletimes.com,FALSE,3.58E+15,$613.79M,0
2:57:14,mesh vertical initiatives,180.181.124.19,#5c602e,31.5159823,1993,$2.06 ,Philippines,550,dburgot4o@unc.edu,TRUE,3.55E+15,$88.73M,0
15:10:02,morph magnetic relationships,28.65.64.93,#36aa2a,48.9318625,2006,$3.01 ,Finland,550,lblincorg@webmd.com,FALSE,5.60E+15,$434.29M,0
5:01:23,envisioneer synergistic convergence,172.37.143.177,#b6f3f1,-9.9478,2001,$4.14 ,Poland,553,tharmestong6@icq.com,FALSE,4.41E+15,$45.14B,0
3:22:08,synergize clicks-and-mortar technologies,149.199.253.69,#3a1aca,15.5561791,1995,$5.49 ,Argentina,554,tlaveryia@yolasite.com,TRUE,6.38E+15,$16B,0
2:12:29,innovate killer e-markets,34.147.190.125,#e062bc,-7.2457322,2010,$3.54 ,Argentina,555,rwanklinoi@tripadvisor.com,FALSE,6.71E+17,$2.69B,0
9:35:25,morph real-time portals,120.111.165.145,#b9e6e8,43.8793185,1997,$0.89 ,Russia,556,etrenfieldn4@flavors.me,TRUE,4.18E+15,$6.36M,0
22:20:20,incentivize synergistic e-commerce,35.64.225.77,#ad935d,35.293048,1990,$7.33 ,Pakistan,556,fcoeyo2@dyndns.org,TRUE,3.56E+15,$3.6B,0
3:26:54,empower plug-and-play experiences,236.177.248.228,#6371b6,-27.574998,2011,$5.39 ,China,557,ograbeham5k@loc.gov,FALSE,3.56E+15,$173.78M,0
9:23:52,generate cutting-edge e-business,94.123.73.175,#d294e5,39.4643574,2006,$4.35 ,Sweden,557,bkrugmanni9@blogger.com,FALSE,5.60E+15,$188.28M,0
3:23:41,integrate interactive content,78.27.0.186,#698438,23.7247599,2000,$1.31 ,Poland,562,gbaynham47@nasa.gov,FALSE,3.58E+15,$61.7M,0
10:57:03,benchmark mission-critical systems,181.91.238.139,#3b3e32,-8.8474131,2000,$2.72 ,Greece,562,kdagg4d@weebly.com,TRUE,3.54E+15,$378.97M,0
6:40:43,transform cutting-edge functionalities,126.21.125.137,#e82734,30.4302577,1997,$0.56 ,Philippines,562,bodellky@hexun.com,TRUE,6.76E+16,$22.73M,0
2:33:22,seize leading-edge deliverables,131.49.165.14,#7c44fe,12.8834358,2004,$3.58 ,Russia,562,bblackboroughpo@bloglovin.com,TRUE,3.55E+15,$6.45B,0
15:35:20,enable cross-media mindshare,144.90.54.61,#f4acc6,41.884195,2010,$0.18 ,China,563,vhamblypu@cam.ac.uk,FALSE,5.64E+15,$323.86M,0
13:57:35,extend end-to-end communities,159.123.233.148,#6bae09,-35.0026606,2008,$0.02 ,Russia,568,atrebygc@weebly.com,TRUE,3.59E+15,$172.02M,0
9:16:57,transition killer vortals,96.55.181.77,#112bb6,41.9300434,1969,$8.51 ,Indonesia,569,echritchleyp9@tripod.com,FALSE,3.53E+15,$763.42M,0
2:34:37,cultivate mission-critical convergence,138.145.218.160,#400df1,30.741991,2005,$2.24 ,Serbia,570,kswannackn2@soundcloud.com,TRUE,4.51E+15,$236.63M,0
19:16:34,innovate 24/7 content,199.158.14.104,#25f7a2,39.629968,2011,$5.67 ,Russia,570,cyakovitchok@booking.com,TRUE,4.04E+15,$10.25B,0
16:48:07,implement revolutionary networks,147.183.146.220,#670b90,10.098232,1993,$3.76 ,United States,574,emarymanmu@springer.com,FALSE,4.02E+15,$657.36M,0
3:33:33,deliver holistic systems,104.142.39.201,#6cb311,31.035395,1990,$2.42 ,Indonesia,575,lkummerlowejh@unblog.fr,FALSE,3.57E+15,$274.06M,0
5:46:45,scale impactful partnerships,178.108.110.155,#63eeb3,4.791028,1963,$0.81 ,Czech Republic,575,aextallr6@prlog.org,TRUE,3.56E+15,$44.68B,0
2:02:37,matrix magnetic synergies,224.158.18.120,#1e652c,45.133,2008,$9.56 ,Latvia,578,mdenisoo1@cyberchimps.com,FALSE,3.58E+15,$12.5B,0
8:30:19,unleash sticky methodologies,0.216.39.145,#902762,-6.936,2005,$2.57 ,China,579,zallistondd@globo.com,FALSE,4.91E+15,$3.57B,0
0:49:51,extend 24/7 communities,12.211.153.60,#d2c7bf,28.357764,2010,$8.09 ,Russia,580,cjime7l@narod.ru,FALSE,3.67E+13,$386.51M,0
2:05:39,enable next-generation niches,227.216.228.161,#a31a3a,22.915288,2007,$5.93 ,Tajikistan,584,egoulbourne4e@bbc.co.uk,TRUE,6.76E+18,$116.91M,0
7:27:21,transform impactful infrastructures,112.246.237.218,#efeec9,52.018944,2013,$5.18 ,Ireland,588,hnaper10@simplemachines.org,FALSE,5.60E+17,$42.15M,0
14:48:27,visualize viral channels,124.6.149.228,#c1fe1d,29.002602,2011,$3.93 ,Vietnam,588,scornwellqx@qq.com,FALSE,3.55E+15,$1.37B,0
23:38:08,generate cutting-edge relationships,122.127.92.184,#d83c8a,-14.33056,1984,$6.05 ,Indonesia,590,tmcjury8y@constantcontact.com,FALSE,4.41E+15,$1.32B,0
3:14:16,morph open-source e-business,246.51.212.18,#767f6d,-6.9401027,2000,$1.65 ,Russia,592,dclemendot4s@google.com.br,FALSE,5.60E+16,$29.03B,0
14:21:56,visualize efficient methodologies,121.84.28.130,#d5fb3c,26.6274775,2003,$5.37 ,Argentina,592,wwillardno@free.fr,TRUE,6.76E+15,$833.83M,0
12:46:48,implement revolutionary users,14.62.76.104,#58d90c,1.4908115,1998,$5.95 ,France,594,wcanlandnv@ask.com,FALSE,3.53E+15,$72.37M,0
20:15:31,transition revolutionary communities,143.27.120.0,#4d15eb,51.6561,2001,$3.75 ,Portugal,597,agrievepg@moonfruit.com,TRUE,5.60E+15,$358.85M,0
22:22:54,facilitate collaborative users,164.33.211.52,#89dfac,35.8037979,1992,$4.39 ,Philippines,599,bollcottoc@gov.uk,TRUE,3.59E+15,$7.53B,0
16:46:41,generate clicks-and-mortar mindshare,11.223.101.254,#dc3c1c,52.8874021,1992,$4.95 ,China,600,rcolebournjv@jiathis.com,FALSE,3.55E+15,$1.74B,0
17:14:04,engineer viral methodologies,12.54.217.55,#5bd5d4,30.238152,1974,$6.23 ,Finland,601,qpresdee7p@webeden.co.uk,TRUE,5.59E+15,$748.61M,0
11:50:56,integrate efficient infomediaries,108.77.255.164,#33aa02,44.7488612,2003,$1.99 ,Philippines,601,mlorraineg0@constantcontact.com,TRUE,3.54E+15,$1.14B,0
5:06:18,transition synergistic schemas,63.82.179.161,#c1c3ae,52.1705764,2005,$7.91 ,Thailand,607,pgallard6d@examiner.com,FALSE,3.55E+15,$2.43B,0
12:21:18,deliver dot-com architectures,191.48.220.93,#4965c6,29.803849,1994,$2.06 ,Serbia,608,cbreitler48@ovh.net,FALSE,5.51E+15,$362.28M,0
4:09:10,implement 24/365 ROI,46.168.168.143,#878788,35.2316863,1994,$5.54 ,Poland,610,jrobardeyeh@flavors.me,FALSE,5.60E+15,$1.74B,0
21:19:33,harness sticky e-tailers,150.233.75.76,#4680c0,45.768045,1990,$4.64 ,Nigeria,612,espinks6x@mit.edu,TRUE,5.00E+15,$119.44B,0
16:44:52,envisioneer extensible solutions,142.187.211.68,#e76d3e,48.816388,2009,$0.30 ,China,612,mcottebf@wiley.com,TRUE,3.01E+13,$2.69B,0
6:17:10,transition holistic users,105.6.162.162,#c8d1e5,40.87194,1999,$8.12 ,China,613,cgerrelt2j@ed.gov,FALSE,3.54E+15,$446M,0
6:34:25,deliver cross-platform models,206.68.105.142,#66dc7b,-8.4044008,2000,$0.40 ,Colombia,613,etoombsfm@sina.com.cn,TRUE,3.01E+13,$480.35M,0
14:48:53,synergize mission-critical ROI,218.177.61.229,#0ee069,52.3668372,2011,$1.68 ,Portugal,621,dclery3a@npr.org,TRUE,3.56E+15,$979.51M,0
14:05:21,iterate 24/7 functionalities,236.37.148.42,#ed1fb8,41.3980906,1993,$3.59 ,Pakistan,623,ssnalom9b@chicagotribune.com,FALSE,6.30E+15,$8.63B,0
3:19:38,reinvent customized users,2.179.212.3,#0226cf,51.9817834,2012,$6.83 ,Haiti,623,gyurkino5@goodreads.com,FALSE,4.91E+15,$312.06M,0
13:07:32,visualize global convergence,219.99.54.124,#d43dfc,-6.9915372,1991,$3.65 ,Japan,627,bhallbord8h@npr.org,TRUE,4.18E+15,$12.7B,0
9:40:40,visualize revolutionary partnerships,242.30.23.7,#10ea0d,52.7374731,2004,$9.71 ,France,628,etassaker99@slate.com,TRUE,4.91E+17,$145.96M,0
16:39:10,reinvent killer interfaces,145.165.52.102,#b3a6fb,45.6539183,2012,$4.97 ,France,628,jjarmaina2@smugmug.com,TRUE,5.60E+15,$10.91M,0
7:01:16,drive one-to-one supply-chains,157.11.217.182,#1e8515,-13.7866658,1995,$5.95 ,China,628,wfrewerdu@nih.gov,TRUE,6.76E+15,$7.26B,0
23:29:56,strategize magnetic initiatives,124.23.205.171,#dd1977,39.0763,2007,$7.48 ,Poland,628,telgiefy@so-net.ne.jp,TRUE,3.76E+14,$1.28B,0
17:47:41,streamline dot-com platforms,164.15.184.56,#e4d2de,31.9212574,1992,$4.45 ,Malaysia,633,meickec5@smh.com.au,FALSE,3.53E+15,$4.13B,0
2:17:02,e-enable global e-commerce,175.133.79.202,#c19779,43.7058177,1995,$0.08 ,Philippines,637,igreedyer7d@hubpages.com,FALSE,3.04E+13,$4.9M,0
23:13:23,revolutionize web-enabled functionalities,235.139.124.232,#0cd426,49.1226502,1985,$0.45 ,Japan,637,mfarmeryo7@instagram.com,TRUE,5.10E+15,$52.6M,0
22:28:07,enable B2B convergence,196.169.221.161,#924e6f,25.415248,1969,$0.92 ,Sweden,639,asomerscalesn9@is.gd,FALSE,5.02E+18,$719.35M,0
15:58:38,optimize next-generation users,93.110.158.158,#2f2ee3,31.77078,2011,$7.12 ,Peru,639,bgarattypl@ning.com,FALSE,3.58E+15,$11.08B,0
7:09:31,transform visionary architectures,242.143.82.122,#257d3b,-8.6512212,2009,$4.10 ,Gambia,641,bgammon4w@nbcnews.com,TRUE,3.38E+14,$136.33M,0
1:52:53,seize user-centric content,12.249.195.23,#6161f4,-21.1661005,1996,$3.68 ,United States,642,hmacdougall2s@bloglovin.com,FALSE,5.02E+17,$253.51M,0
12:48:58,redefine world-class e-tailers,134.136.181.52,#7dee42,-18.9745738,2010,$0.31 ,China,642,wsunleykl@bbc.co.uk,FALSE,3.58E+15,$374.4M,0
20:02:59,monetize dynamic schemas,124.193.59.188,#6e2c58,37.4701115,2003,$2.22 ,Russia,643,khalwoodij@smugmug.com,FALSE,5.60E+15,$270.26M,0
20:29:06,deliver one-to-one users,172.149.8.38,#b0c0bc,59.4527156,2012,$9.56 ,China,645,ctavinori6@ft.com,TRUE,2.02E+14,$169.43M,0
5:04:50,deploy rich initiatives,90.102.20.174,#17f93c,57.7618574,1996,$6.48 ,Bulgaria,649,tmcquirkdz@nbcnews.com,TRUE,3.58E+15,$255.79M,0
8:35:27,streamline cutting-edge vortals,119.90.64.165,#3fef30,53.8399736,1989,$6.19 ,Indonesia,651,kgrowyfq@dropbox.com,FALSE,3.57E+15,$9.35B,0
4:38:48,architect distributed metrics,84.5.34.243,#6a272e,-31.4564169,2000,$1.77 ,Senegal,652,hragdalep6@narod.ru,TRUE,6.33E+17,$2.05B,0
15:23:21,unleash cross-platform partnerships,151.156.70.161,#627bb2,36.740034,2008,$9.90 ,Indonesia,653,ldibernardom7@unicef.org,TRUE,3.56E+15,$4.27B,0
18:41:50,transform turn-key networks,193.191.175.209,#018d0e,13.0427506,2003,$1.97 ,Poland,653,peilersox@imageshack.us,FALSE,3.58E+15,$177.28M,0
16:17:06,e-enable intuitive e-commerce,27.239.37.187,#f407cf,23.1497287,1994,$5.59 ,Finland,656,jibbesonnx@google.co.uk,TRUE,5.60E+15,$145.49M,0
23:41:43,empower dot-com methodologies,132.134.66.169,#9d73b6,42.3221655,1994,$6.94 ,China,657,rsalkildie@a8.net,FALSE,5.34E+15,$665.88M,0
19:03:10,architect killer experiences,117.208.75.200,#84fd94,39.2762158,2011,$2.80 ,Mexico,658,khulburdp1@army.mil,FALSE,3.57E+15,$2.21B,0
19:52:35,orchestrate plug-and-play models,71.158.32.236,#c0dbaa,43.4945737,2013,$2.43 ,Russia,660,llambdenh3@unesco.org,FALSE,3.53E+15,$448.39M,0
11:53:32,strategize global action-items,213.153.43.55,#5df697,51.31653,2007,$3.68 ,Brazil,664,plathan7e@zimbio.com,TRUE,3.57E+15,$3.52B,0
11:38:23,cultivate one-to-one action-items,99.70.82.32,#b06593,24.388837,2011,$7.41 ,France,664,dsponergo@ftc.gov,TRUE,3.72E+14,$628.48M,0
17:48:03,integrate cross-platform supply-chains,182.48.209.170,#671fe9,-7.806698,1988,$7.97 ,Bangladesh,667,jgotcliffelx@comsenz.com,TRUE,4.03E+15,$1.38B,0
4:57:48,synthesize world-class e-services,20.65.34.227,#af03cd,37.9429182,1990,$9.22 ,France,669,tfrangione5m@state.tx.us,FALSE,5.12E+15,$101.59M,0
19:10:06,maximize innovative convergence,57.48.75.180,#461f6c,9.6008747,2000,$6.54 ,Greece,669,lschrievesft@google.com.br,TRUE,5.12E+15,$4.11B,0
10:01:27,reintermediate value-added applications,234.78.126.150,#d31919,54.87559,2000,$2.07 ,Armenia,670,vrackamjm@ow.ly,FALSE,5.02E+16,$26.47B,0
8:37:06,generate scalable communities,31.135.148.134,#59ad6c,4.2571092,1994,$0.18 ,Ethiopia,670,mbusstks@nymag.com,FALSE,3.56E+15,$75.03M,0
14:11:30,unleash bricks-and-clicks metrics,156.87.123.137,#ab244c,55.6271504,2006,$7.38 ,Serbia,671,gbevirq0@e-recht24.de,TRUE,3.54E+15,$7.24B,0
8:48:52,repurpose mission-critical relationships,219.167.155.248,#4387ef,22.533012,2007,$0.43 ,Russia,673,mwilder9r@comsenz.com,FALSE,6.71E+15,$25.63M,0
1:25:44,seize global technologies,54.57.181.109,#bf07ef,28.138525,1995,$3.96 ,South Korea,677,hokeevanfl@rakuten.co.jp,FALSE,4.91E+18,$1.66B,0
1:21:32,strategize sticky relationships,138.230.11.181,#397bca,57.7806567,2011,$7.54 ,Croatia,680,nbrodway9p@fc2.com,FALSE,5.45E+15,$191.02M,0
16:28:33,iterate clicks-and-mortar e-markets,209.152.169.162,#e3e166,-8.0295271,2010,$3.79 ,Philippines,680,mdecarteretpy@g.co,FALSE,5.56E+15,$142.26M,0
12:36:08,innovate bricks-and-clicks content,225.172.255.253,#440c73,49.1169513,2008,$9.82 ,Sweden,681,labriani8d@fc2.com,TRUE,4.51E+15,$1.59B,0
13:58:51,generate virtual e-services,144.163.100.138,#6d6a7c,47.0163969,2000,$4.19 ,Indonesia,682,gvanyushkin3j@so-net.ne.jp,FALSE,3.59E+15,$153.07M,0
16:55:15,orchestrate frictionless systems,100.242.206.236,#0216bc,24.189754,1995,$6.40 ,Ukraine,684,afletcher1j@washingtonpost.com,FALSE,6.38E+15,$468.65M,0
7:36:24,engineer viral experiences,195.34.151.97,#46515a,36.8665367,2009,$6.40 ,China,686,jcoleridge6t@ow.ly,TRUE,5.58E+15,$33.29B,0
1:18:58,scale visionary architectures,193.75.211.233,#b8d6f7,52.43843,1998,$6.12 ,Russia,687,wbreartoncd@arizona.edu,FALSE,2.02E+14,$43.94B,0
10:11:19,monetize clicks-and-mortar interfaces,190.237.142.50,#e839d2,-34.5656691,2001,$4.13 ,Ukraine,688,gsomes5z@multiply.com,FALSE,3.57E+15,$481.23M,0
10:14:13,innovate back-end infrastructures,36.186.53.198,#ba1b0d,52.2861138,2008,$1.05 ,Serbia,696,messery90@scientificamerican.com,FALSE,3.55E+15,$195.09M,0
17:00:06,innovate turn-key deliverables,175.166.129.221,#ad52d9,29.079175,1984,$3.34 ,China,696,tbarnettcg@apache.org,TRUE,3.57E+15,$2.33B,0
0:37:48,transition user-centric supply-chains,239.3.244.211,#680b03,14.700389,2011,$2.92 ,Portugal,697,fteaseyqo@walmart.com,FALSE,3.58E+15,$37.43M,0
11:29:15,syndicate rich platforms,128.141.245.78,#e3b35a,29.103856,2009,$7.53 ,Ukraine,698,rtivers8l@wikispaces.com,FALSE,6.38E+15,$91.02B,0
16:39:55,expedite compelling action-items,78.155.82.235,#47be99,24.7021073,2012,$5.78 ,Thailand,704,ochokeh1@dot.gov,TRUE,6.77E+17,$1.17B,0
15:07:14,enable leading-edge markets,81.30.201.174,#7ab646,24.9848125,2013,$7.14 ,Maldives,708,icarlingoo@businessinsider.com,TRUE,3.56E+15,$16.82M,0
20:34:08,evolve best-of-breed e-commerce,240.24.60.3,#d4b8ec,49.5671764,1999,$5.53 ,Peru,710,bmeierkc@infoseek.co.jp,TRUE,3.53E+15,$261.12M,0
10:46:55,syndicate cutting-edge functionalities,82.37.8.94,#bb9152,-21.2915055,2006,$4.27 ,Russia,710,gmiddlemistq7@dot.gov,TRUE,6.38E+15,$1.08B,0
20:53:15,reintermediate granular synergies,109.233.14.244,#1bdd0b,59.9050895,1998,$1.13 ,China,716,abrownsteinc9@columbia.edu,TRUE,3.55E+15,$21.06B,0
13:13:06,transform best-of-breed networks,105.135.14.14,#660d93,5.5543995,1968,$8.87 ,Philippines,716,agilbeyna@bloglovin.com,TRUE,2.01E+14,$1.48B,0
3:38:54,architect mission-critical experiences,232.209.44.78,#f85756,44.7639581,1989,$5.55 ,France,718,whemshall22@studiopress.com,TRUE,5.35E+15,$698.89M,0
14:14:52,grow cutting-edge e-markets,191.132.151.215,#c7badf,22.8157128,2006,$0.95 ,Morocco,720,qmcilvennakq@about.me,TRUE,5.54E+15,$1.05B,0
5:56:43,unleash transparent architectures,240.103.107.112,#579245,-42.755675,1996,$1.32 ,Slovenia,721,hmccorykb@amazonaws.com,TRUE,3.54E+15,$180.82M,0
12:20:36,synergize end-to-end infomediaries,230.211.146.7,#3001df,24.347782,1998,$5.52 ,Philippines,721,abernatqh@php.net,FALSE,3.58E+15,$92.42M,0
9:54:48,syndicate plug-and-play infomediaries,148.218.140.163,#dbf69a,40.841536,2002,$9.30 ,Tunisia,722,fdewingeq@bbb.org,TRUE,5.40E+15,$3.97B,0
21:07:37,deploy enterprise niches,106.254.122.13,#6a3308,-34.6833725,1997,$3.39 ,China,724,lpankethdp@yolasite.com,TRUE,6.76E+17,$9.92B,0
1:44:51,deliver revolutionary functionalities,159.99.169.246,#aeaa58,14.5704544,2002,$0.87 ,Ireland,725,cdoreehl@wikimedia.org,FALSE,3.75E+14,$4.75B,0
21:27:44,optimize virtual relationships,214.71.230.111,#39b7f0,-7.22439,1992,$3.08 ,Poland,726,maldayji@uol.com.br,FALSE,6.76E+18,$10.31B,0
10:18:15,exploit sticky technologies,109.9.208.190,#d0c27f,52.4817381,2002,$0.59 ,Russia,726,yarchibouldnk@example.com,TRUE,5.60E+15,$741.61M,0
12:42:09,drive holistic portals,158.70.126.12,#013aef,39.957737,2012,$2.14 ,Indonesia,727,jjakoviljevic3i@baidu.com,FALSE,5.42E+15,$93.34M,0
10:32:22,enhance synergistic mindshare,254.231.249.47,#a9ebe7,59.8271777,2009,$9.97 ,France,727,cfautly5a@jalbum.net,FALSE,3.56E+15,$61.54M,0
0:35:40,maximize compelling users,170.163.207.239,#c4335d,45.2494149,1989,$8.15 ,Dominica,727,cwhyleydj@google.it,FALSE,2.02E+14,$74.25M,0
1:59:17,utilize mission-critical supply-chains,243.63.59.28,#273862,32.0550488,1994,$8.09 ,Poland,729,eyantsurevd7@rambler.ru,TRUE,3.59E+15,$149.83M,0
23:28:22,engage real-time ROI,97.33.80.43,#b31291,55.600738,2012,$5.85 ,Japan,730,jrosenfelder5o@posterous.com,TRUE,5.46E+15,$1.26B,0
19:36:43,incentivize efficient systems,46.110.252.131,#298857,52.1683391,1996,$5.69 ,Indonesia,733,ahunnaball2n@prweb.com,TRUE,3.53E+15,$289.76M,0
3:33:50,disintermediate robust eyeballs,248.188.100.225,#3e378b,49.726378,1986,$9.31 ,China,733,lprenticegm@ycombinator.com,FALSE,6.30E+16,$53.16B,0
19:34:29,recontextualize back-end applications,111.157.34.155,#5d497e,7.8910267,2003,$2.25 ,Philippines,733,rpridittm9@unesco.org,TRUE,3.54E+15,$170.21M,0
16:48:38,seize dynamic e-business,23.102.81.175,#0c66ea,53.8514527,1994,$1.88 ,Russia,736,sdominikbv@bloomberg.com,FALSE,3.57E+15,$568.32M,0
10:05:55,empower real-time e-business,151.111.63.103,#27f984,41.8368737,1987,$9.70 ,Indonesia,738,ascammellng@vk.com,FALSE,3.55E+15,$184.08M,0
2:15:04,expedite out-of-the-box synergies,11.242.125.104,#919246,47.0641228,1991,$7.21 ,Argentina,739,hpetworthq6@spiegel.de,TRUE,3.54E+15,$1.26B,0
22:06:59,envisioneer enterprise vortals,237.135.114.119,#e322b7,-1.2543408,2005,$0.73 ,Japan,740,mstairs46@photobucket.com,FALSE,4.91E+15,$3.43B,0
3:02:02,synergize ubiquitous content,115.122.87.16,#443a76,-8.463483,2008,$5.89 ,Poland,744,hstansburyop@cam.ac.uk,TRUE,3.54E+15,$83.18M,0
14:05:42,envisioneer real-time systems,19.243.83.100,#76a707,50.25649,1978,$1.36 ,Indonesia,745,vlotongg@51.la,TRUE,3.58E+15,$10.72M,0
0:33:01,expedite real-time synergies,255.80.94.153,#4a9c93,-9.5623345,2001,$8.32 ,Sweden,746,kduesberry4g@bbc.co.uk,TRUE,3.57E+15,$1.16B,0
1:56:55,leverage best-of-breed paradigms,227.34.190.121,#fa438f,50.8424855,2004,$8.35 ,Indonesia,746,steresiiw@epa.gov,FALSE,5.60E+15,$556.34M,0
23:29:51,whiteboard robust applications,68.50.139.101,#91b1c8,-24.6131407,1997,$2.56 ,Slovenia,747,lvongladbach7m@facebook.com,FALSE,3.59E+15,$505.59M,0
12:19:44,deploy cutting-edge content,86.58.53.174,#4ed982,30.8936954,1963,$1.03 ,United Arab Emirates,747,stongsp0@auda.org.au,FALSE,3.59E+15,$99.71M,0
17:31:36,seize best-of-breed communities,94.118.193.182,#c729c9,31.407545,1992,$3.97 ,Bosnia and Herzegovina,750,qdunhilld6@whitehouse.gov,TRUE,5.27E+15,$63.24M,0
5:41:23,synergize customized models,212.193.38.39,#8a05db,14.628828,2002,$1.49 ,Argentina,751,glindsayci@studiopress.com,FALSE,3.58E+15,$29.15M,0
14:30:44,strategize cutting-edge methodologies,142.251.215.220,#09280e,57.2363399,2009,$0.43 ,Mozambique,752,rklejin59@weibo.com,TRUE,3.74E+14,$118.57B,0
5:50:46,morph dot-com technologies,81.98.60.47,#52e3d1,-2.4681009,1996,$0.03 ,Afghanistan,754,mjusterme@cnn.com,FALSE,5.60E+15,$44.17M,0
7:36:27,repurpose e-business systems,132.59.59.135,#383f18,-22.7324847,1995,$2.09 ,China,756,mevequegk@google.ru,TRUE,3.55E+15,$610.37M,0
16:31:11,maximize seamless vortals,2.0.74.45,#f2dbc6,-27.01139,2003,$4.60 ,Greece,757,tyerburyez@github.com,FALSE,5.01E+15,$222.81M,0
14:18:03,orchestrate open-source synergies,106.73.167.178,#ea6c78,19.7206,2009,$7.68 ,Poland,759,apourvoieurd3@gravatar.com,FALSE,3.54E+15,$14.08B,0
10:48:34,architect 24/7 convergence,45.132.235.224,#c9bb10,-7.8090256,2008,$3.87 ,Kosovo,759,athewlisd4@liveinternet.ru,FALSE,4.04E+15,$27.49M,0
15:16:00,revolutionize world-class schemas,107.142.153.149,#a61327,56.6444907,2005,$4.32 ,Sweden,763,nlipscombeid@cloudflare.com,FALSE,3.58E+15,$353.6M,0
18:02:14,innovate efficient methodologies,137.92.210.100,#b015ec,34.894093,2004,$4.00 ,Cape Verde,764,gspinage1m@technorati.com,TRUE,5.64E+15,$55.73B,0
23:21:54,implement B2B interfaces,121.79.255.155,#2fb38b,61.6515876,1992,$1.59 ,Cuba,765,kskellye3@cam.ac.uk,TRUE,3.53E+15,$1.4B,0
9:54:57,benchmark intuitive supply-chains,163.5.162.153,#d314f7,17.7047344,2008,$5.91 ,Indonesia,769,pdoddrellaw@reuters.com,FALSE,3.01E+13,$14.79B,0
10:15:04,syndicate web-enabled methodologies,185.165.207.180,#992307,36.0941745,2003,$2.38 ,Egypt,773,beversleymz@prlog.org,FALSE,4.04E+12,$8.64B,0
2:28:32,drive sticky markets,80.240.244.61,#1a9b90,49.9731106,2005,$3.04 ,Philippines,780,vedwinsoncn@noaa.gov,FALSE,3.56E+15,$32.79M,0
4:22:47,grow 24/7 channels,81.239.177.4,#dfb8fc,37.444498,1995,$6.81 ,China,780,alampreyin@blogger.com,FALSE,6.04E+17,$21.66M,0
6:07:38,benchmark collaborative paradigms,204.144.39.249,#43e92c,38.6134405,2010,$1.33 ,Indonesia,784,lcahanir@spiegel.de,FALSE,3.58E+15,$126.08M,0
10:45:37,revolutionize B2B models,216.95.189.114,#702b8d,53.0249087,2011,$9.82 ,Canada,786,jkaasmannh0@mtv.com,FALSE,5.11E+15,$3.24B,0
11:44:48,architect plug-and-play e-tailers,12.99.139.73,#bc0899,62.8511538,2007,$6.33 ,Poland,786,alongnl@eventbrite.com,TRUE,3.58E+15,$220.34M,0
4:37:36,expedite wireless markets,225.18.251.130,#10c788,33.387684,1984,$0.23 ,Serbia,787,bdallistonel@admin.ch,FALSE,2.02E+14,$74.72M,0
17:55:50,deploy efficient infomediaries,15.0.214.57,#2409c5,34.26645,1996,$0.31 ,Sweden,788,malejandree1@ft.com,TRUE,5.60E+15,$34.86M,0
19:35:28,repurpose distributed deliverables,82.160.32.140,#444327,22.8429803,2006,$2.69 ,Poland,789,cpinkett5u@go.com,TRUE,3.79E+14,$1.17B,0
21:43:20,architect user-centric e-commerce,40.207.54.191,#23653c,49.794945,1993,$5.41 ,France,796,khagwood3o@deliciousdays.com,FALSE,3.55E+15,$430.84M,0
18:59:40,recontextualize seamless ROI,180.122.21.250,#7c2192,25.274374,1990,$5.28 ,Honduras,796,wcorkp4@sbwire.com,FALSE,3.55E+15,$23.11B,0
10:37:30,monetize customized platforms,95.215.235.191,#f40f28,-3.3638779,2009,$1.27 ,China,798,fwollastonqd@mysql.com,TRUE,3.69E+13,$171.84M,0
22:28:39,reinvent extensible functionalities,88.123.76.217,#fe3a30,50.5702189,1993,$0.40 ,Kazakhstan,799,lcourtman6a@marriott.com,TRUE,3.58E+15,$2.85B,0
22:01:25,repurpose distributed functionalities,42.40.102.23,#219657,23.0327274,1990,$1.11 ,Malaysia,804,erizziellocw@bizjournals.com,TRUE,3.55E+15,$955.69M,0
14:46:43,synergize distributed supply-chains,102.213.94.23,#5eb8e9,-23.5307464,2003,$8.46 ,Nicaragua,804,dgoszec@sciencedaily.com,FALSE,3.59E+15,$14.33M,0
6:27:08,target 24/7 web-readiness,191.252.24.191,#79e0ba,30.9882241,2007,$0.51 ,Jordan,805,fosler6j@wikia.com,TRUE,5.60E+16,$126.61M,0
3:45:48,enhance cross-platform web-readiness,252.190.252.180,#d63734,15.0952158,1987,$4.47 ,Marshall Islands,805,jveitchek@wiley.com,FALSE,3.56E+15,$164.16M,0
5:12:06,synthesize distributed metrics,23.46.11.40,#8dc578,-6.5687237,2012,$9.75 ,Russia,805,kciobotarun7@i2i.jp,FALSE,2.02E+14,$3.6B,0
12:09:35,aggregate 24/365 synergies,23.32.43.121,#222376,36.826981,2005,$2.81 ,Indonesia,806,kkulicln@whitehouse.gov,FALSE,5.10E+15,$508.59M,0
15:36:29,evolve wireless technologies,44.149.164.99,#a9bf9c,34.5107712,2008,$3.30 ,China,808,cpawelskibl@ft.com,FALSE,3.55E+15,$267.88M,0
12:04:43,strategize open-source bandwidth,189.77.204.10,#835e98,32.4748152,2002,$2.48 ,Poland,815,aloveguardfz@amazon.de,TRUE,3.57E+15,$1.53B,0
4:44:28,embrace proactive web-readiness,36.166.103.188,#3f0a3a,-7.4133512,2004,$5.56 ,China,817,123@imdb.com,TRUE,5.41E+15,$2.45B,0
17:07:05,synthesize holistic paradigms,1.152.89.71,#85dd44,45.23223,2007,$0.92 ,Mauritius,820,mgadd9j@ovh.net,TRUE,4.41E+15,$436.6M,0
13:11:31,scale mission-critical infomediaries,158.55.231.199,#75925f,36.040149,1998,$4.03 ,Serbia,823,fhaberfield94@nhs.uk,FALSE,5.10E+15,$21.39B,0
1:52:01,evolve vertical eyeballs,82.188.248.117,#7e5a9c,52.3850526,2004,$3.57 ,Russia,825,mjolliffe54@phoca.cz,FALSE,5.57E+15,$275.95M,0
6:28:18,grow cross-platform platforms,136.10.203.238,#2e3ea5,55.5747494,1988,$8.42 ,China,826,hebbettjl@weather.com,FALSE,3.56E+15,$384.71M,0
11:54:00,syndicate customized markets,54.214.166.38,#82badc,42.22609,1977,$9.66 ,Portugal,827,hosanpv@e-recht24.de,FALSE,5.61E+15,$6.29M,0
10:38:33,revolutionize virtual interfaces,200.213.202.44,#0dd585,-18.8200534,1983,$9.53 ,France,829,wspyby28@exblog.jp,FALSE,4.94E+15,$263.57M,0
10:04:19,streamline 24/365 relationships,118.198.17.228,#3d3b0f,34.7757093,2010,$8.18 ,France,829,cadamovskyi8@linkedin.com,TRUE,3.58E+15,$120.43M,0
9:12:22,enhance plug-and-play markets,172.165.149.176,#4af008,44.0854864,2001,$7.33 ,Czech Republic,830,gsyms2t@narod.ru,TRUE,4.02E+12,$781.34M,0
14:15:35,target dot-com interfaces,125.145.36.158,#9e7cf1,63.4400274,2012,$9.38 ,China,830,mstclairbm@mayoclinic.com,TRUE,5.02E+18,$14.95M,0
8:46:22,strategize visionary technologies,119.162.16.113,#c2b9e8,47.6264367,2004,$8.45 ,Honduras,831,truppertz6z@ebay.co.uk,FALSE,3.58E+15,$175.03B,0
4:38:19,utilize B2B bandwidth,16.170.39.33,#490f0a,4.3329129,2012,$9.38 ,China,833,vschorah7r@noaa.gov,TRUE,6.30E+17,$162.35M,0
20:29:27,synthesize vertical supply-chains,16.191.163.165,#fadbb9,25.415248,1989,$2.21 ,Nigeria,834,msprymq@google.com,TRUE,3.55E+15,$150.62M,0
16:43:05,redefine virtual relationships,101.230.127.236,#afaff6,-8.3068,2011,$0.09 ,Sweden,835,shousegoe7y@statcounter.com,TRUE,3.56E+15,$154.23M,0
22:29:09,target extensible networks,133.166.198.230,#357bd9,48.8708001,1998,$5.44 ,Poland,836,mjancyjp@linkedin.com,TRUE,4.92E+15,$9.38B,0
12:35:50,orchestrate intuitive ROI,92.25.99.42,#fbe3d5,38.7433547,2010,$4.96 ,Cuba,839,vwartonbygs@wiley.com,TRUE,5.60E+16,$184.47M,0
12:42:42,innovate collaborative markets,198.240.179.199,#b995af,-7.605833,2001,$0.43 ,Colombia,839,nwoofo8@goodreads.com,TRUE,5.60E+15,$1.15B,0
18:05:59,envisioneer sticky functionalities,123.18.172.137,#19cd09,68.7934376,1994,$0.77 ,Philippines,840,rfooterm3@linkedin.com,TRUE,5.60E+15,$9.56B,0
11:59:53,evolve viral users,170.15.255.173,#699fb0,-11.8073632,1991,$6.24 ,Pakistan,841,ejakovijevic3q@cdc.gov,FALSE,3.67E+13,$388.09M,0
20:24:57,revolutionize one-to-one web-readiness,47.15.26.145,#16a2eb,6.5163966,1994,$1.70 ,Honduras,841,tthrustlea5@elpais.com,TRUE,5.01E+15,$62.59M,0
16:12:08,orchestrate one-to-one partnerships,114.86.139.122,#945ba4,43.8580221,1994,$9.21 ,China,841,oleningib@house.gov,TRUE,3.58E+15,$296.89M,0
19:34:23,scale end-to-end content,102.240.84.195,#638e06,37.105382,2001,$0.53 ,Peru,848,oioannidismp@is.gd,TRUE,4.94E+17,$507.8M,0
23:40:20,repurpose seamless infomediaries,76.20.39.114,#92157f,15.79903,1997,$2.00 ,Turkmenistan,850,rculpen8v@accuweather.com,TRUE,3.57E+15,$540.44B,0
23:02:37,scale impactful infrastructures,6.232.115.149,#b3842d,49.911732,1998,$2.30 ,China,850,pzannollila@shutterfly.com,TRUE,5.11E+15,$3.46B,0
7:35:50,cultivate next-generation infrastructures,61.195.165.217,#4ac77f,53.5567847,2010,$2.03 ,China,850,lnoltonr2@usgs.gov,FALSE,5.60E+16,$2.5B,0
20:09:38,transition strategic e-services,255.176.242.165,#bac539,38.58,1997,$4.65 ,Russia,851,dhendrixk1@wix.com,FALSE,3.54E+15,$7.68B,0
22:06:50,morph out-of-the-box infomediaries,49.48.195.6,#ebeaca,-8.2141205,1987,$6.28 ,China,855,tmickleburghe2@mac.com,FALSE,5.10E+15,$52.17M,0
21:39:08,transform seamless partnerships,105.177.232.210,#ebde2f,-34.0666916,1999,$5.38 ,Sweden,856,atayloehv@admin.ch,FALSE,3.77E+14,$22.17M,0
13:09:25,disintermediate leading-edge networks,62.247.139.96,#3083fd,10.4818973,1993,$1.69 ,United States,858,sschaffleraf@friendfeed.com,TRUE,4.51E+15,$3.49M,0
7:00:33,implement sexy synergies,125.166.41.160,#390c0a,40.7325414,1988,$9.03 ,Palestinian Territory,861,zdytonfr@squarespace.com,TRUE,5.23E+15,$909.02M,0
16:11:31,transition B2B methodologies,128.24.64.244,#f41ed3,34.6796489,2006,$7.96 ,Iran,861,cjorgensenfu@washington.edu,TRUE,4.91E+15,$544.39M,0
6:59:29,empower B2C schemas,123.184.235.132,#0830d4,28.564921,1989,$5.22 ,Argentina,862,jmora93@weibo.com,FALSE,4.92E+15,$85.51M,0
0:53:48,embrace one-to-one e-markets,69.194.213.0,#e0e6c6,57.7314074,2009,$1.62 ,Poland,863,rtettherab@wunderground.com,FALSE,2.02E+14,$7.99B,0
7:58:25,streamline plug-and-play e-markets,192.164.74.96,#30e515,42.1328742,2006,$6.49 ,Indonesia,863,mkleinsmuntzbu@unesco.org,FALSE,3.55E+15,$33.43M,0
2:21:44,deliver revolutionary infrastructures,210.189.55.42,#08d4f7,45.9472601,2012,$7.86 ,China,863,mwarlaweow@skyrock.com,TRUE,4.91E+17,$202.5M,0
7:57:05,benchmark ubiquitous systems,114.184.244.245,#021185,-6.1920539,1993,$0.67 ,China,864,gstrongman7b@vimeo.com,FALSE,3.54E+15,$36.76B,0
8:58:32,e-enable value-added solutions,31.187.56.195,#5f22d3,48.1251024,2013,$7.03 ,Portugal,866,gmcnivenfh@squarespace.com,TRUE,6.33E+15,$379.99M,0
4:52:27,benchmark proactive metrics,21.100.30.81,#385bbf,26.0952694,2009,$9.51 ,Kazakhstan,866,gnuzztiny@wufoo.com,TRUE,6.71E+16,$4.52B,0
8:19:30,disintermediate innovative e-markets,248.33.65.126,#aa64b9,38.8140462,2001,$5.22 ,Indonesia,867,todulchonta9a@xrea.com,TRUE,4.91E+17,$21.66M,0
11:08:41,innovate ubiquitous niches,179.60.104.188,#50c67b,37.9984095,2009,$8.17 ,Myanmar,869,mcranmorec3@netvibes.com,TRUE,3.54E+15,$7.87B,0
9:00:21,recontextualize virtual content,102.150.81.156,#e1fdb3,49.718789,1997,$3.49 ,Thailand,870,drillett8o@about.me,FALSE,6.71E+15,$193.67M,0
19:25:22,monetize enterprise infrastructures,232.99.251.85,#8efc84,43.2020428,2011,$6.60 ,Poland,871,edaceym2@wp.com,FALSE,5.10E+15,$128.18M,0
19:00:15,engage clicks-and-mortar deliverables,136.173.120.20,#89f451,11.3008218,2004,$7.94 ,Vietnam,874,sparvinc2@wisc.edu,FALSE,5.61E+16,$5.1B,0
0:08:43,benchmark innovative channels,44.165.22.192,#e6ea76,57.5440489,1992,$3.12 ,Faroe Islands,874,xbarrattej@edublogs.org,TRUE,6.33E+15,$569.45M,0
0:46:54,mesh efficient web-readiness,112.147.189.35,#7b42ac,21.3971282,2012,$4.19 ,Greece,875,cgorhamb5@shop-pro.jp,TRUE,5.54E+15,$89.69M,0
11:55:21,exploit revolutionary platforms,147.62.101.87,#d60978,39.3134407,1999,$4.81 ,Canada,879,mlauritsenni@google.cn,FALSE,2.02E+14,$167.89M,0
20:28:58,productize mission-critical e-markets,99.15.48.149,#59a76e,51.4758022,2004,$3.55 ,United States,882,smckimmiect@privacy.gov.au,TRUE,4.94E+17,$74.88M,0
5:59:37,maximize impactful deliverables,160.138.37.71,#4f2244,-2.5695714,1989,$1.77 ,Philippines,885,dlinkleter9i@cbc.ca,TRUE,6.30E+16,$953.28M,0
17:49:43,integrate leading-edge models,213.253.92.67,#2aa51d,26.263406,2004,$9.30 ,Chile,888,lpennetta63@ycombinator.com,FALSE,2.02E+14,$3.77B,0
9:40:03,implement customized interfaces,109.38.162.121,#a9a83d,15.2699767,1995,$5.61 ,China,888,lpugsleykh@ameblo.jp,TRUE,5.60E+15,$1.99B,0
5:35:34,implement killer applications,12.32.179.19,#4cb4ba,10.7244426,2010,$3.05 ,Sweden,889,oatthowe7c@google.fr,FALSE,3.54E+15,$130.67M,0
3:16:37,implement proactive architectures,208.56.63.78,#a906ae,14.572396,1994,$3.04 ,Argentina,892,lmeranb4@cpanel.net,FALSE,3.56E+15,$1.63B,0
20:01:02,redefine cross-platform e-commerce,168.13.134.19,#407fe1,-8.3848454,1996,$5.67 ,Poland,893,fbreeder6b@alibaba.com,TRUE,6.33E+18,$605.33M,0
17:17:45,embrace distributed metrics,199.56.122.66,#cbddd7,45.730664,2006,$4.80 ,Russia,898,kburghill8n@archive.org,TRUE,2.02E+14,$905.69M,0
19:05:46,enhance customized convergence,253.207.91.67,#888fc5,33.20206,2010,$1.12 ,Bosnia and Herzegovina,902,ldomencq8@livejournal.com,FALSE,3.57E+15,$575.54M,0
11:01:14,grow killer infomediaries,148.129.120.72,#6e593d,34.72722,1984,$0.32 ,Canada,905,kdrewbx@yahoo.com,TRUE,3.59E+15,$305.47M,0
17:10:04,empower compelling applications,120.97.149.58,#2c0eb7,63.0706703,1995,$2.60 ,Brazil,907,lfoden2a@ox.ac.uk,FALSE,3.54E+15,$120.57B,0
23:32:11,benchmark bleeding-edge web-readiness,22.75.116.232,#d85de7,20.2542725,1991,$6.96 ,Indonesia,911,delvind5@tuttocitta.it,FALSE,3.55E+15,$1.11B,0
9:28:50,unleash viral eyeballs,165.124.58.19,#f07bba,43.916823,1998,$9.85 ,Russia,921,bkibbyba@independent.co.uk,FALSE,6.76E+16,$5.19B,0
2:38:43,integrate frictionless technologies,45.1.159.29,#55653d,49.94912,1994,$6.50 ,China,922,rivy96@github.com,FALSE,5.10E+15,$44.25M,0
1:05:00,harness end-to-end architectures,225.102.10.102,#52a73a,38.9458437,2002,$7.46 ,Gabon,922,mdevenishbs@craigslist.org,TRUE,5.60E+15,$34.1M,0
19:06:56,synergize turn-key schemas,11.79.40.58,#4d4d1f,60.6184239,2005,$5.72 ,Japan,923,keldrettet@yandex.ru,TRUE,6.40E+15,$10.32B,0
6:52:18,cultivate frictionless systems,233.118.72.158,#a61070,36.188112,2012,$8.17 ,Norway,924,jcalderaqk@un.org,FALSE,3.54E+15,$25.34B,0
7:06:13,incentivize B2B methodologies,146.240.185.172,#7af00c,22.579117,2007,$8.62 ,Ivory Coast,924,kjervoisql@cocolog-nifty.com,TRUE,6.38E+15,$1.32B,0
12:58:43,enable extensible supply-chains,106.86.232.233,#27c272,0.573336,2010,$8.87 ,China,927,mfilipczynskijg@mapy.cz,FALSE,3.56E+15,$45.41M,0
4:45:26,enable global initiatives,162.181.203.223,#564df9,30.124428,2010,$6.81 ,China,928,mbaccuphb@redcross.org,TRUE,3.57E+15,$252.54M,0
14:53:16,engage cross-platform bandwidth,114.107.28.22,#0ffa01,-2.1709979,1995,$8.86 ,China,928,rdanielkiewiczl0@spiegel.de,FALSE,5.60E+15,$4.5B,0
14:03:55,whiteboard extensible synergies,75.100.110.17,#244f97,32.46392,2006,$7.48 ,Thailand,930,isinkin3d@pcworld.com,TRUE,4.41E+12,$4.97B,0
19:18:08,enhance leading-edge e-commerce,221.144.161.39,#0b0805,8.070619,1992,$4.90 ,Mozambique,931,skurten4i@mail.ru,TRUE,6.77E+18,$6.15B,0
1:48:18,embrace compelling functionalities,244.228.93.202,#75bb90,28.852157,1981,$4.06 ,Indonesia,933,mellicockpk@photobucket.com,FALSE,2.02E+14,$19.87B,0
2:34:18,generate value-added e-tailers,3.51.105.16,#e65080,14.5514305,2005,$6.45 ,Peru,935,njothamfg@msn.com,TRUE,5.60E+15,$1.68B,0
1:03:30,deploy holistic e-tailers,58.142.237.61,#cb5690,-8.1209842,2012,$4.75 ,Cyprus,937,welsmor8k@europa.eu,FALSE,3.62E+13,$162.19M,0
18:41:25,grow magnetic architectures,157.12.72.18,#6bf772,31.617202,1988,$0.98 ,Philippines,938,ahateleyj5@china.com.cn,TRUE,3.57E+15,$72.37M,0
9:18:03,aggregate revolutionary ROI,173.27.147.32,#8cfbfb,12.0554892,1993,$4.11 ,Guatemala,938,tharrylq@cloudflare.com,FALSE,6.33E+18,$187.27B,0
19:32:03,incubate next-generation models,200.131.155.47,#4b3c6e,-6.2424962,2009,$6.51 ,Russia,942,switcherley7a@seattletimes.com,TRUE,3.57E+15,$1.31B,0
22:16:22,synergize intuitive relationships,191.58.72.56,#1ef7d5,65.957138,2011,$8.97 ,Benin,942,ibritneykv@tiny.cc,TRUE,3.53E+15,$46.84M,0
4:31:38,evolve clicks-and-mortar deliverables,123.210.122.89,#9eab2f,51.669945,2008,$8.36 ,New Zealand,943,mzouchfa@google.fr,FALSE,4.18E+15,$1.96B,0
19:45:49,incentivize revolutionary convergence,149.36.95.185,#089375,22.958471,2006,$5.22 ,Brazil,943,gkaymo@umich.edu,FALSE,6.76E+15,$377.45M,0
21:24:56,incubate sexy methodologies,13.100.152.181,#bbfba8,31.0252201,1993,$4.10 ,China,946,lferybi@i2i.jp,TRUE,3.56E+15,$4.74B,0
1:42:13,integrate bleeding-edge eyeballs,33.95.134.9,#f33799,23.9211737,2002,$5.73 ,China,946,ctrimbyps@macromedia.com,FALSE,3.58E+15,$310.88M,0
16:07:13,matrix end-to-end eyeballs,103.206.220.202,#2a3135,39.8032712,1996,$6.58 ,China,948,itriggsjj@hostgator.com,FALSE,3.03E+13,$50.34B,0
18:03:53,strategize front-end infrastructures,156.144.169.107,#16f824,14.8548457,1996,$5.12 ,Peru,948,sgofforthmg@noaa.gov,FALSE,3.56E+15,$92.42M,0
21:32:09,seize end-to-end paradigms,165.197.248.201,#4a6def,25.867345,1986,$2.49 ,Brazil,949,bboerderman5p@typepad.com,FALSE,6.33E+18,$546.87M,0
4:29:14,reintermediate web-enabled convergence,140.74.129.223,#27d9d0,-24.3273656,1990,$6.40 ,Philippines,952,swhitchurchav@technorati.com,FALSE,6.71E+17,$653.44M,0
20:19:50,disintermediate robust content,134.230.71.144,#4431c4,38.919414,2004,$9.05 ,Japan,953,amcilhone21@globo.com,TRUE,3.54E+15,$48.91M,0
2:37:59,reintermediate back-end channels,15.228.52.200,#cd4d68,12.565,2005,$5.64 ,China,954,brotge5s@myspace.com,TRUE,3.55E+15,$233.08M,0
23:24:27,architect e-business infrastructures,115.98.75.52,#bea471,9.3136403,2010,$3.88 ,United States,954,mlowndesbroughml@edublogs.org,FALSE,5.60E+15,$5.11B,0
10:19:02,recontextualize one-to-one deliverables,31.195.96.91,#6aa29f,39.9474202,1999,$1.43 ,Poland,955,dmaudlengf@businesswire.com,FALSE,4.41E+15,$9.12M,0
9:26:30,morph seamless channels,13.65.174.239,#c3a9cc,11.8852599,1997,$9.55 ,Netherlands,955,bnowillrc@artisteer.com,TRUE,3.56E+15,$471.62M,0
5:33:17,harness back-end methodologies,234.127.94.118,#1ca776,34.24475,2003,$2.52 ,France,956,kdossantoslw@alexa.com,TRUE,3.56E+15,$2.49B,0
0:43:20,syndicate turn-key synergies,79.169.122.118,#792cd3,4.6839135,2000,$6.28 ,Poland,958,ntregiddomh@i2i.jp,FALSE,3.58E+15,$339.02M,0
6:01:49,repurpose leading-edge convergence,30.247.35.169,#089f48,31.363043,1995,$8.10 ,Hungary,960,alucl@parallels.com,TRUE,5.24E+15,$150.94M,0
1:37:06,morph interactive metrics,234.180.66.152,#1e24f7,39.9265747,1995,$2.06 ,Philippines,962,syouelldh@un.org,TRUE,6.76E+18,$304.81M,0
11:56:20,redefine transparent bandwidth,102.112.42.104,#aec4d4,49.9114346,2006,$7.47 ,Uzbekistan,965,ksey2y@free.fr,FALSE,3.57E+15,$230.28M,0
3:51:30,aggregate interactive content,63.194.148.180,#e8ebb1,39.00366,1992,$6.89 ,Portugal,966,vchilcott4l@engadget.com,TRUE,3.57E+15,$198.16M,0
12:12:20,syndicate killer niches,254.87.229.69,#e6a1d8,-20.1514708,2009,$8.53 ,China,966,plangton5w@cdbaby.com,FALSE,5.60E+17,$22.37M,0
19:51:52,synergize efficient convergence,139.105.164.28,#684cfa,48.9486344,1998,$6.60 ,United States,966,holdakerl4@usa.gov,FALSE,5.42E+15,$6.74M,0
9:16:10,synthesize granular schemas,106.85.98.165,#7eaaf9,48.2368992,1994,$4.56 ,Thailand,968,kjacobs7j@sohu.com,FALSE,3.57E+15,$387.37M,0
15:04:10,deliver rich initiatives,23.191.46.176,#354851,50.2072224,2001,$4.57 ,Greece,970,acoxheadk@yelp.com,TRUE,3.57E+15,$3.73B,0
3:33:30,unleash global eyeballs,44.39.81.12,#8a0536,-20.017643,2001,$6.80 ,Albania,970,jextonrb@twitter.com,FALSE,3.56E+15,$842.24M,0
3:02:17,disintermediate virtual metrics,117.31.236.98,#1040a5,-34.5434158,1999,$6.32 ,South Korea,976,smacalisterfs@abc.net.au,TRUE,2.02E+14,$1.79B,0
15:45:19,deploy virtual users,25.172.154.84,#f5913d,43.915,2006,$0.55 ,Poland,978,groddam33@etsy.com,FALSE,3.57E+15,$1.91B,0
9:31:04,integrate cross-media communities,169.176.19.194,#8f455c,36.049805,1997,$3.25 ,Macedonia,978,hlogiebo@cdbaby.com,FALSE,5.60E+15,$524.24M,0
10:32:58,productize viral action-items,137.199.149.164,#0ac63a,43.690835,1992,$0.98 ,Syria,979,tberendsen4c@ihg.com,FALSE,3.56E+15,$34.76B,0
17:54:26,generate killer networks,28.216.87.196,#221c2a,46.7391866,2007,$4.53 ,Japan,979,smaria76@cmu.edu,TRUE,6.76E+15,$4.63M,0
9:39:12,unleash dot-com communities,50.81.116.22,#a9f8b8,24.5552816,2006,$1.40 ,Sri Lanka,979,cribygy@gov.uk,TRUE,5.05E+15,$370.68M,0
3:15:48,expedite value-added systems,172.222.218.240,#7a1ec3,43.6368159,1987,$0.85 ,Sweden,980,gwitcherdm@ovh.net,FALSE,3.56E+15,$605.25M,0
20:49:02,transform wireless solutions,234.215.16.237,#ba80a5,40.6999925,1993,$7.07 ,Mexico,982,wrizzardo6y@toplist.cz,TRUE,3.54E+15,$32.29M,0
7:31:12,generate bricks-and-clicks networks,79.123.40.174,#c278bd,49.8981606,1989,$5.79 ,China,984,tsellensfw@tripod.com,FALSE,3.56E+15,$3.94B,0
19:08:22,maximize back-end convergence,32.172.226.125,#21a1f5,-7.5201771,2002,$4.34 ,Peru,985,tharlely@dyndns.org,FALSE,3.58E+15,$185.39M,0
19:26:21,implement plug-and-play portals,135.174.227.7,#eb0ca5,10.2583233,2000,$8.51 ,France,989,gmatusovskyle@exblog.jp,FALSE,3.58E+15,$302.35M,0
7:01:19,transform compelling applications,14.90.132.97,#bfb693,-11.6723638,2006,$7.93 ,China,991,kdanilewicz7i@mayoclinic.com,TRUE,3.57E+15,$258.91M,0
1:50:21,seize open-source technologies,56.137.162.164,#bebbe5,24.622426,1992,$3.05 ,Albania,995,creyesao@hud.gov,FALSE,3.57E+15,$985.28M,0
15:05:01,evolve open-source metrics,231.105.172.241,#449d8c,51.8792137,2003,$0.45 ,South Sudan,995,ldonettck@networkadvertising.org,FALSE,3.54E+15,$596.2M,0
20:37:56,morph ubiquitous e-markets,11.134.162.81,#caad2e,48.4691324,1995,$6.52 ,Moldova,999,wdottridged1@theglobeandmail.com,FALSE,4.04E+12,$1.59B,0
1:19:41,evolve global initiatives,100.197.129.65,#3d9366,-17.48333,2005,$7.66 ,Portugal,999,dmcgowneu@github.io,TRUE,5.60E+15,$347.55M,0
21:02:55,synergize world-class bandwidth,237.195.63.137,#afc3a6,64.5180595,2001,$3.32 ,Brazil,1000,gmarcroft5t@about.com,TRUE,6.76E+15,$18.6M,0
5:35:52,implement out-of-the-box e-commerce,173.219.130.155,#cfffcd,49.0871049,1995,$6.22 ,China,1000,ajaukovicgd@studiopress.com,TRUE,3.56E+15,$3.31B,0
